Order_ID,Product_ID,Customer_ID,Purchase_Date,Quantity,Unit_Price,Total_Price,Discount,Store_Location,Payment_Type,Return_Status
397319,5696,88608,2021-03-09,4,297.09,643.82,40.58,Chicago,Debit Card,Returned
554511,5334,52689,2022-05-03,7,30.27,176.19,44.09,Phoenix,Debit Card,Not Returned
962577,7150,82124,2022-10-17,1,130.52,3017.62,15.2,New York,Credit Card,Not Returned
252543,5773,93747,2021-01-16,9,54.45,1615.09,25.83,New York,Bank Transfer,Returned
386206,9379,84871,2021-11-21,9,130.48,4211.17,27.92,Chicago,Cash,Not Returned
322636,1464,97406,2023-08-25,7,389.31,2875.42,1.13,Houston,PayPal,Returned
395906,3643,29876,2022-12-19,9,434.66,2834.78,3.84,New York,Debit Card,Returned
190552,2362,47363,2022-01-28,2,74.26,4759.97,12.72,Los Angeles,Cash,Returned
974804,6603,91829,2022-11-08,7,311.46,3616.14,25.19,Los Angeles,Credit Card,Returned
188936,3705,31025,2021-08-27,9,309.53,242.95,36.07,Chicago,Cash,Returned
191285,5212,79728,2021-03-18,5,429.06,4625.33,46.06,Houston,PayPal,Not Returned
672263,8166,59326,2022-07-06,3,318.45,3298.14,42.92,Phoenix,Cash,Returned
336391,1597,26049,2022-12-20,3,489.84,366.5,13.06,New York,Cash,Returned
963514,2269,73367,2021-05-06,4,313.77,489.0,31.98,Chicago,PayPal,Not Returned
167523,6055,67338,2022-11-25,3,189.72,2885.8,6.88,New York,Debit Card,Not Returned
274734,3213,65295,2021-08-19,6,41.61,4489.56,39.47,Phoenix,PayPal,Not Returned
268731,2427,93376,2021-11-01,6,419.36,1148.44,39.87,Phoenix,Cash,Not Returned
465440,8414,16300,2021-09-17,8,126.59,4454.86,28.24,Houston,Bank Transfer,Returned
722770,9516,83873,2021-04-24,2,49.67,2826.35,36.56,Los Angeles,Cash,Not Returned
296151,9690,11210,2021-10-17,7,253.98,1172.34,47.63,Phoenix,Bank Transfer,Not Returned
968698,8217,71984,2022-03-18,7,356.3,4046.3,25.67,New York,Bank Transfer,Returned
592991,5783,27579,2023-01-09,3,161.36,1653.85,48.23,Houston,Debit Card,Not Returned
322395,9292,69830,2023-01-10,7,254.02,4832.29,43.76,Los Angeles,Debit Card,Not Returned
324338,3040,57318,2022-05-01,4,332.04,1165.76,19.44,Los Angeles,Debit Card,Not Returned
740674,1839,45719,2023-02-06,7,375.31,1056.22,23.44,Houston,Debit Card,Returned
899200,9924,42375,2023-05-20,6,179.09,4918.09,40.14,New York,Debit Card,Not Returned
745392,5024,63794,2022-11-08,2,235.67,1963.41,21.15,Chicago,Debit Card,Not Returned
675505,3986,46543,2022-05-22,9,131.52,604.71,12.78,Houston,Debit Card,Returned
423152,5037,42851,2023-06-28,3,288.43,1579.24,24.65,New York,Bank Transfer,Not Returned
489890,3927,36930,2023-07-01,1,398.48,492.51,49.75,Los Angeles,Debit Card,Not Returned
610679,6853,15151,2022-06-12,3,113.48,3730.24,48.83,Chicago,PayPal,Returned
368162,2910,16645,2023-09-02,3,483.98,1442.56,41.52,Houston,Bank Transfer,Not Returned
147450,9586,45987,2021-04-27,4,490.87,1026.6,38.72,Houston,PayPal,Not Returned
249694,3749,42877,2021-04-12,1,482.96,39.58,6.19,Phoenix,Debit Card,Returned
458126,8048,95894,2021-12-06,7,195.83,2833.97,30.48,Chicago,Credit Card,Returned
450983,3087,80969,2023-06-20,8,250.63,2015.67,24.26,New York,Debit Card,Returned
942056,5433,63733,2022-06-04,9,146.35,2957.22,39.31,Houston,Bank Transfer,Not Returned
944189,2263,10065,2022-10-17,5,213.84,4378.19,0.86,Phoenix,PayPal,Returned
678658,3308,67845,2023-01-03,8,48.29,952.1,11.92,Los Angeles,PayPal,Not Returned
343003,6679,83516,2022-12-29,1,72.67,3864.63,43.28,Chicago,Bank Transfer,Returned
457353,8318,83152,2022-04-21,7,94.71,4792.29,45.99,Chicago,Credit Card,Not Returned
354768,7372,35587,2021-06-30,4,475.93,3321.16,36.92,Phoenix,Debit Card,Returned
864455,8674,17848,2021-09-12,4,406.05,2483.88,7.35,New York,Cash,Not Returned
463335,2197,51895,2021-06-11,4,46.17,3622.86,43.01,Houston,Credit Card,Returned
259345,7053,42020,2021-08-02,3,189.07,3278.77,34.84,Chicago,Cash,Returned
428061,8399,42413,2023-08-14,3,288.64,2610.87,6.07,Los Angeles,Credit Card,Returned
484608,2770,36218,2021-05-11,6,207.08,872.09,9.07,Houston,Credit Card,Returned
731774,7178,79280,2022-05-23,3,423.32,2200.31,30.77,Chicago,PayPal,Not Returned
966835,4886,23751,2022-11-28,6,118.05,2135.03,46.18,Phoenix,PayPal,Returned
601495,9967,38401,2022-05-27,8,307.45,3763.81,13.56,Chicago,Cash,Not Returned
329276,1959,83596,2023-02-17,7,138.6,4975.08,2.43,Los Angeles,PayPal,Not Returned
175633,3603,20139,2022-03-02,5,231.71,102.98,6.07,New York,PayPal,Returned
394917,1567,66687,2022-12-04,5,42.17,1695.77,11.95,New York,Credit Card,Not Returned
954069,7307,10330,2021-02-05,3,437.28,1877.06,14.15,Los Angeles,Debit Card,Not Returned
123451,6771,34111,2023-07-22,3,20.47,36.31,23.09,Los Angeles,Cash,Not Returned
388855,2390,50332,2021-03-12,7,36.02,4747.81,31.34,Los Angeles,Bank Transfer,Returned
712093,7639,76680,2021-04-03,9,391.28,4439.04,35.98,Chicago,Bank Transfer,Not Returned
225433,2250,34792,2023-09-13,6,351.39,1832.23,2.78,Chicago,Debit Card,Returned
554433,6530,70995,2022-02-06,4,169.48,2851.06,14.58,Houston,Bank Transfer,Returned
583171,3093,39091,2023-02-11,3,158.39,3180.95,18.85,Houston,Bank Transfer,Returned
522262,9785,89768,2021-02-26,1,193.39,4243.64,12.96,Houston,Debit Card,Returned
728505,1840,57096,2022-05-15,5,392.91,3689.39,6.74,Phoenix,Cash,Returned
374256,8320,60602,2021-01-31,4,26.5,1383.74,42.3,Chicago,Bank Transfer,Not Returned
534349,4494,16070,2022-02-08,6,176.35,4126.78,32.57,Chicago,Debit Card,Returned
581935,2340,30910,2021-02-25,6,331.71,705.72,37.66,New York,Cash,Returned
510236,2663,39595,2021-04-13,5,31.47,2024.57,30.69,New York,Bank Transfer,Not Returned
972190,1268,43051,2023-08-08,2,349.16,4190.31,14.35,Houston,Credit Card,Not Returned
705817,3683,13970,2021-02-07,1,140.03,4639.27,34.61,Los Angeles,Debit Card,Returned
739691,8101,24102,2022-12-26,3,38.89,3828.54,17.9,New York,Bank Transfer,Returned
328863,8943,62126,2023-07-01,6,14.76,3285.0,20.66,Phoenix,Bank Transfer,Returned
314658,3001,99945,2021-10-21,2,116.28,56.88,44.78,New York,Bank Transfer,Not Returned
799848,8618,82790,2023-10-11,4,330.83,783.81,46.83,Phoenix,Bank Transfer,Returned
348190,7132,55301,2023-10-23,1,441.06,89.41,28.36,Los Angeles,Credit Card,Returned
596683,7353,39083,2023-01-24,8,163.4,704.28,18.16,Chicago,Debit Card,Returned
682405,5584,32558,2023-02-21,1,283.01,1096.32,47.92,Houston,Debit Card,Returned
785668,1365,36974,2022-04-08,8,348.36,3471.06,38.65,New York,Debit Card,Returned
539811,4937,20522,2021-07-04,1,458.67,863.07,5.62,Phoenix,Debit Card,Not Returned
291256,3932,67457,2022-03-17,6,329.39,136.72,9.5,Chicago,Cash,Returned
535694,9014,43994,2021-09-05,9,219.16,449.96,38.46,New York,PayPal,Not Returned
335693,1413,48336,2022-08-27,7,345.56,3981.22,45.26,Houston,Credit Card,Returned
553484,6337,98778,2021-03-26,2,173.94,3078.79,0.39,New York,Credit Card,Not Returned
913268,9855,20074,2022-04-14,8,70.9,3995.37,40.57,Houston,Credit Card,Not Returned
556371,3174,76457,2022-10-10,4,328.92,2895.14,14.79,Houston,Debit Card,Not Returned
986095,8146,21014,2022-02-25,9,285.21,3987.39,0.75,Los Angeles,Credit Card,Not Returned
453099,9793,17297,2021-10-16,1,183.89,414.14,42.46,Chicago,Debit Card,Not Returned
406717,6645,64813,2023-06-13,8,395.8,1789.35,37.67,New York,Credit Card,Returned
362905,5936,47271,2021-08-06,3,363.61,174.1,25.09,Chicago,Cash,Not Returned
730035,1076,64136,2023-02-17,8,203.11,272.41,15.1,Houston,Debit Card,Returned
993315,9865,23722,2022-03-14,6,246.43,1036.24,13.66,Houston,Bank Transfer,Not Returned
274329,2352,71645,2021-03-02,5,490.39,677.02,43.5,Chicago,Bank Transfer,Not Returned
587523,3091,85999,2022-12-04,8,468.94,801.64,16.35,Los Angeles,Debit Card,Returned
844265,9323,26544,2023-08-29,6,272.18,737.4,10.0,Chicago,Bank Transfer,Returned
535868,3192,11129,2023-07-02,3,336.24,4448.66,15.93,Los Angeles,Debit Card,Returned
176834,8259,66051,2023-11-19,9,84.88,1321.09,28.17,New York,PayPal,Returned
840264,6774,40602,2021-05-13,1,63.96,12.61,47.15,New York,Credit Card,Returned
668138,5466,35223,2023-01-12,9,95.76,4662.79,3.02,New York,Credit Card,Returned
221917,6198,46224,2021-11-21,1,171.59,1592.37,41.46,Phoenix,PayPal,Returned
304813,3985,74575,2021-04-12,1,13.97,257.01,22.47,Phoenix,Bank Transfer,Not Returned
408951,1125,77743,2022-03-09,5,309.78,1163.4,36.82,Chicago,Credit Card,Returned
610022,7966,76195,2023-12-18,5,267.07,1471.14,14.68,Chicago,Debit Card,Returned
611063,3429,72824,2021-05-31,1,118.3,480.75,33.51,Phoenix,Debit Card,Returned
341116,4526,54393,2023-02-16,9,113.34,2749.56,14.97,Chicago,Credit Card,Returned
582995,5140,56812,2021-06-30,9,372.22,335.87,49.06,Chicago,Debit Card,Not Returned
399735,6392,58338,2023-10-13,5,125.75,4953.61,17.31,Los Angeles,PayPal,Returned
743212,8230,79524,2023-12-14,9,360.71,3883.62,46.77,Houston,Bank Transfer,Returned
433451,9483,85300,2022-09-07,3,220.43,2238.87,5.39,New York,Cash,Returned
617624,5734,41233,2021-03-16,2,65.13,473.98,36.82,Los Angeles,Bank Transfer,Not Returned
269400,1510,54296,2022-02-01,1,121.57,3067.0,31.57,Los Angeles,Credit Card,Not Returned
119072,7400,94451,2023-02-02,8,62.46,3691.57,49.16,Houston,PayPal,Not Returned
138767,9084,50179,2023-05-11,4,393.9,2627.36,17.89,Phoenix,Debit Card,Returned
829612,9271,48105,2021-10-23,8,57.1,122.19,34.92,Phoenix,PayPal,Returned
839413,2000,93694,2021-07-29,9,11.28,1593.33,28.42,Chicago,PayPal,Not Returned
791927,4819,21056,2021-08-27,2,422.06,4259.54,14.47,Houston,Cash,Not Returned
209132,1765,31132,2021-02-20,9,62.05,1354.16,29.11,Phoenix,Cash,Returned
735695,2263,93195,2021-11-26,5,416.56,951.68,22.24,Chicago,Bank Transfer,Returned
343109,7105,98094,2021-12-08,7,170.61,318.9,14.8,New York,Credit Card,Returned
312479,3117,18981,2022-12-27,8,394.7,4015.37,39.56,New York,Bank Transfer,Returned
122018,3895,42994,2021-08-05,5,267.4,1500.28,45.35,Houston,PayPal,Returned
427852,8918,55208,2023-12-01,5,457.61,3939.81,0.6,Houston,PayPal,Returned
623856,6000,23121,2022-08-22,1,154.88,1698.62,12.65,Chicago,Credit Card,Returned
986347,5708,48451,2022-04-07,2,84.07,3427.6,8.89,Los Angeles,Bank Transfer,Not Returned
609994,5216,96060,2021-01-22,6,354.74,3224.38,4.13,Houston,Bank Transfer,Not Returned
100321,6079,46598,2023-06-09,7,435.26,3214.77,5.57,Houston,Credit Card,Not Returned
454067,9810,41036,2022-04-26,9,387.06,2464.88,18.25,Chicago,Credit Card,Returned
983064,3273,17034,2021-11-15,2,23.39,2881.81,3.93,Chicago,Cash,Returned
521784,9065,94947,2023-03-06,9,106.06,4985.0,35.35,New York,Credit Card,Returned
544404,6255,15839,2022-09-27,1,283.15,2625.8,8.39,New York,Credit Card,Returned
930357,7413,30967,2023-05-18,5,442.34,313.11,20.34,Houston,Credit Card,Returned
912534,2947,79653,2023-10-21,6,380.9,4874.83,30.21,Chicago,Debit Card,Not Returned
239199,4793,80536,2021-08-04,7,280.1,4380.44,32.87,Chicago,Cash,Returned
902700,4346,20061,2023-11-12,9,228.36,2613.75,34.99,Houston,Debit Card,Not Returned
934484,7916,89206,2022-05-23,2,455.51,2431.4,33.29,Chicago,Credit Card,Not Returned
533474,8367,85502,2021-10-02,6,188.11,2628.48,38.36,New York,Bank Transfer,Not Returned
106351,8248,67255,2021-04-02,5,412.57,4490.79,39.52,Houston,Bank Transfer,Not Returned
705367,7993,38043,2021-05-24,3,138.36,4182.48,31.0,Los Angeles,Debit Card,Returned
332766,8940,19384,2021-06-08,7,328.58,4364.64,45.76,Phoenix,Credit Card,Not Returned
635739,3529,27787,2021-02-23,3,354.61,1980.94,11.25,Houston,Debit Card,Not Returned
598606,2956,51980,2021-02-02,6,317.57,3240.09,47.14,Houston,Debit Card,Not Returned
749641,6695,67714,2023-11-13,1,410.08,4221.43,18.54,Los Angeles,Cash,Returned
726211,1663,13827,2023-07-22,9,257.15,993.17,15.84,New York,Cash,Not Returned
552643,2469,62401,2022-10-19,9,306.27,4554.02,43.15,Chicago,PayPal,Not Returned
990447,4774,96570,2022-09-08,6,61.33,2888.25,2.05,Los Angeles,Credit Card,Returned
202935,5203,28175,2023-12-03,9,218.07,3541.92,30.35,Chicago,PayPal,Not Returned
147722,5346,13253,2021-03-28,5,430.91,1653.08,40.88,Phoenix,Debit Card,Returned
532249,8703,80929,2021-09-17,2,88.47,4659.97,48.89,Phoenix,PayPal,Returned
223381,2061,69388,2022-09-05,8,477.78,376.47,35.23,Phoenix,Debit Card,Returned
691985,4637,43565,2021-04-05,8,125.67,999.68,44.81,Chicago,Debit Card,Not Returned
558688,4350,41146,2023-01-19,3,107.87,351.04,35.22,New York,Cash,Returned
971669,4755,11536,2021-12-07,9,168.48,3267.97,37.22,Phoenix,Debit Card,Not Returned
352892,4466,80630,2023-01-13,2,369.16,3588.07,48.05,Los Angeles,Credit Card,Returned
202948,9331,39233,2023-10-22,4,458.16,2203.05,43.35,Houston,Cash,Returned
275550,1950,79395,2023-06-23,8,313.07,3275.2,12.33,Houston,Cash,Returned
129693,2295,19033,2021-06-05,5,259.03,1808.25,15.61,Houston,Debit Card,Returned
304947,6646,48301,2021-10-30,5,301.13,768.13,37.69,Los Angeles,Bank Transfer,Not Returned
850961,4827,39761,2021-05-18,4,401.85,1940.35,6.32,Phoenix,Debit Card,Returned
963605,3416,53006,2021-04-16,1,334.49,3372.44,5.66,New York,PayPal,Not Returned
383917,3989,65525,2021-02-18,9,467.72,4928.99,14.01,Houston,Debit Card,Not Returned
423765,9283,56496,2023-08-22,2,363.79,1496.41,16.69,Houston,Bank Transfer,Returned
635041,9125,36943,2022-04-20,6,314.8,3992.55,35.07,Houston,Credit Card,Returned
685157,9004,76502,2021-03-15,3,49.83,416.11,11.75,Chicago,Bank Transfer,Not Returned
290048,3877,66729,2023-02-06,5,52.52,3963.04,7.97,Phoenix,Cash,Returned
608835,5480,50907,2022-09-14,5,274.31,1381.77,9.58,New York,PayPal,Returned
854510,7286,86307,2021-07-06,6,499.52,4094.65,39.37,Houston,Debit Card,Returned
891387,2064,78053,2021-04-05,6,342.31,1491.95,45.06,New York,Debit Card,Not Returned
892055,7197,28391,2021-11-12,8,391.55,2010.55,44.97,Houston,Debit Card,Returned
701619,3393,48217,2021-09-03,7,207.24,2454.86,12.69,Chicago,Cash,Returned
890804,7850,99669,2022-05-14,1,356.91,3565.71,27.87,Houston,Debit Card,Returned
650076,6586,44702,2023-06-09,2,230.92,4280.65,48.27,Chicago,PayPal,Returned
101733,9002,31890,2023-11-08,7,210.77,717.57,6.48,Phoenix,Cash,Not Returned
454902,6932,37300,2023-10-20,4,153.79,3986.62,26.88,Los Angeles,Cash,Returned
631228,2118,89878,2021-10-23,6,421.17,2825.81,30.78,Los Angeles,Credit Card,Not Returned
958868,4117,86484,2023-03-11,8,144.71,1322.72,27.36,New York,Cash,Returned
460521,6622,14024,2023-11-28,4,108.21,4453.4,29.07,Los Angeles,Bank Transfer,Not Returned
489019,8908,89562,2022-10-03,1,28.3,2852.08,37.0,Phoenix,Debit Card,Not Returned
557655,1190,45912,2021-07-26,5,302.61,3548.93,24.1,Phoenix,Bank Transfer,Not Returned
872882,8132,69770,2023-06-14,2,101.33,4185.78,11.12,Chicago,Cash,Returned
508034,9427,16466,2023-06-23,8,399.48,2298.69,7.61,Phoenix,Cash,Returned
968663,7931,46282,2022-09-08,8,167.81,2549.07,8.35,Chicago,PayPal,Not Returned
119850,7792,20669,2023-02-13,6,337.51,114.02,31.18,Houston,Bank Transfer,Not Returned
123496,7320,22000,2022-07-19,4,134.73,1498.95,20.19,Houston,Credit Card,Returned
554654,7185,69917,2023-01-25,7,270.1,2653.33,9.04,New York,PayPal,Not Returned
311536,7749,32669,2021-09-08,5,85.9,3537.63,26.32,Phoenix,Debit Card,Not Returned
376176,3233,63396,2022-11-19,4,377.84,1354.39,47.45,Los Angeles,Credit Card,Not Returned
421303,1051,81751,2021-05-05,3,361.38,3264.08,26.67,Houston,Debit Card,Not Returned
959628,4557,39928,2023-03-16,8,96.89,4957.68,32.03,New York,Debit Card,Not Returned
123912,4072,12840,2021-09-05,8,7.02,66.35,49.37,Houston,Credit Card,Returned
412618,9304,49618,2023-01-22,9,249.96,1857.86,41.33,Chicago,Debit Card,Returned
618209,4465,11379,2021-08-25,7,204.98,4271.59,30.62,Phoenix,PayPal,Not Returned
567746,7631,48637,2021-01-01,2,207.52,4417.38,14.2,New York,Bank Transfer,Not Returned
217059,1665,59839,2022-12-29,4,83.26,4878.38,20.91,Houston,PayPal,Not Returned
538112,6926,68608,2022-09-13,9,200.07,2202.58,22.01,New York,Bank Transfer,Not Returned
729595,1414,54248,2022-12-21,3,446.74,162.97,29.38,Chicago,Bank Transfer,Returned
936058,2308,24318,2023-01-31,7,451.43,1027.8,30.06,Los Angeles,Bank Transfer,Returned
465469,9838,77385,2023-04-18,1,479.41,4387.42,49.26,Houston,Bank Transfer,Returned
653749,6693,10085,2023-11-26,5,439.74,1453.1,22.74,New York,PayPal,Returned
323845,8204,89742,2021-12-12,9,116.51,2919.26,11.27,New York,Cash,Returned
244876,8971,10111,2021-01-10,5,300.64,3188.82,5.53,Chicago,Debit Card,Not Returned
923775,6191,10197,2022-07-29,8,49.84,938.39,18.17,Houston,Cash,Returned
132032,7217,16107,2023-06-01,5,419.37,2356.78,43.01,New York,PayPal,Not Returned
283066,3837,14357,2023-12-08,9,324.69,4517.38,2.69,New York,Debit Card,Returned
614210,1621,77263,2023-07-18,2,142.04,1541.67,19.37,Phoenix,Credit Card,Returned
149640,1480,23588,2023-01-16,1,272.5,2220.15,44.58,Los Angeles,Credit Card,Returned
624301,3772,95148,2023-05-15,1,486.41,4027.21,1.94,Chicago,Bank Transfer,Returned
132559,2200,85625,2022-09-03,8,248.12,2053.62,7.46,Phoenix,Cash,Returned
474186,6358,37066,2023-02-18,5,100.28,4063.31,32.13,Phoenix,Credit Card,Not Returned
917407,8250,98233,2021-02-09,6,45.27,2207.56,14.16,Chicago,Bank Transfer,Not Returned
885360,7697,82452,2022-06-14,8,16.25,1585.64,22.14,Houston,Debit Card,Returned
795885,3134,23139,2022-12-01,1,384.84,3239.2,33.14,Los Angeles,Debit Card,Returned
102816,6969,76602,2023-05-13,1,164.21,2590.22,11.99,Phoenix,Credit Card,Returned
631681,1403,71649,2021-01-06,7,457.16,3978.98,24.23,Chicago,Debit Card,Returned
860426,2287,82869,2022-04-25,2,298.14,604.8,49.89,Chicago,Debit Card,Returned
382373,9494,68044,2022-01-09,6,352.28,570.39,3.43,Los Angeles,Bank Transfer,Not Returned
895284,2351,25018,2023-05-19,9,473.85,4418.1,5.21,Houston,Bank Transfer,Not Returned
981827,6839,69053,2021-10-27,2,40.2,2846.46,20.58,Houston,Bank Transfer,Not Returned
638817,7303,62628,2021-10-05,6,497.98,4217.34,11.06,Houston,Credit Card,Not Returned
830766,1548,83525,2023-09-12,8,304.45,3608.41,1.48,Houston,Cash,Returned
157884,9098,39078,2022-04-28,5,449.57,206.38,35.52,Chicago,Debit Card,Returned
648294,8562,21826,2022-09-21,4,454.56,2349.5,44.63,Houston,Debit Card,Returned
664853,7864,94744,2023-08-12,1,412.94,4792.54,42.23,Phoenix,PayPal,Returned
624968,5708,13255,2023-03-16,1,230.67,2885.63,46.47,Houston,Cash,Returned
886664,7401,24553,2023-10-16,9,23.32,4368.08,33.91,Phoenix,Credit Card,Returned
966508,5762,59735,2023-05-11,7,497.07,1843.3,39.6,Phoenix,Bank Transfer,Not Returned
494781,3195,29235,2023-08-05,7,267.87,3443.2,31.09,Phoenix,PayPal,Returned
727166,8464,27844,2023-08-20,5,41.24,2087.24,6.84,New York,PayPal,Not Returned
732283,8925,18033,2021-05-23,4,463.94,3068.82,2.86,Houston,PayPal,Not Returned
350217,4173,13816,2023-09-27,7,261.43,2015.9,34.87,Houston,PayPal,Not Returned
465904,5421,85048,2021-04-27,4,160.15,3103.29,7.63,Houston,Bank Transfer,Returned
883348,6528,76000,2022-10-25,1,29.49,3761.25,40.88,Houston,Cash,Returned
980754,4005,43182,2023-01-28,1,318.95,3762.66,17.55,Chicago,Bank Transfer,Not Returned
324609,7181,34119,2022-06-03,7,434.0,4836.96,38.86,Phoenix,Credit Card,Not Returned
693357,7327,36830,2021-06-12,7,9.29,4243.27,19.99,New York,Credit Card,Returned
470254,4722,56634,2021-01-21,7,103.47,4804.82,34.53,Houston,Bank Transfer,Returned
205366,6475,49363,2022-06-03,9,417.2,2764.2,48.69,Houston,Debit Card,Returned
506680,4662,64215,2022-08-10,4,102.27,1955.71,35.96,Houston,Credit Card,Not Returned
548138,9615,88295,2022-11-27,5,491.61,1019.11,47.91,New York,Debit Card,Not Returned
838927,3791,13100,2022-11-10,8,250.59,3673.82,30.63,New York,Debit Card,Not Returned
832594,9260,58385,2022-03-04,9,274.18,2664.0,35.04,Chicago,Credit Card,Returned
206562,1501,66752,2021-04-22,2,466.98,2761.0,0.57,Houston,Bank Transfer,Returned
237621,2976,51299,2022-08-19,1,166.35,688.35,4.99,Chicago,Cash,Not Returned
692769,1439,87912,2021-12-25,8,369.96,4933.22,23.6,Chicago,Debit Card,Not Returned
859373,2492,86877,2023-05-01,6,153.0,3223.41,29.39,New York,Cash,Returned
906842,4151,12037,2021-01-18,7,160.84,1336.78,0.78,New York,Bank Transfer,Returned
692984,2912,51612,2022-09-24,3,354.91,3275.03,9.12,New York,Debit Card,Returned
737826,4152,24716,2022-09-29,9,8.66,3466.98,33.24,Los Angeles,Credit Card,Not Returned
786308,1060,86403,2021-08-12,9,74.64,2088.52,11.19,Houston,PayPal,Returned
902643,3169,53388,2022-05-18,7,323.1,2735.03,43.36,Phoenix,Bank Transfer,Not Returned
429642,9988,18441,2023-12-20,9,283.47,2173.74,27.45,Houston,PayPal,Not Returned
672048,2576,91979,2022-11-14,3,365.95,682.93,1.85,Los Angeles,Cash,Returned
225265,8698,76530,2022-10-10,8,244.82,1206.6,5.23,Phoenix,Cash,Not Returned
462829,7125,91399,2022-06-13,1,7.42,3706.33,36.79,Houston,PayPal,Not Returned
827623,7887,10460,2023-06-23,7,423.19,3243.52,0.38,Houston,PayPal,Not Returned
913884,8378,40369,2021-05-14,2,361.72,2432.55,46.45,Los Angeles,Credit Card,Returned
107990,2915,76784,2023-11-18,4,198.17,2534.4,33.56,New York,PayPal,Returned
842858,1321,54455,2023-09-01,5,441.17,4191.51,6.75,Los Angeles,Credit Card,Returned
491535,6869,43079,2023-09-18,8,486.33,2946.07,5.8,Houston,Debit Card,Not Returned
813701,7264,50164,2023-07-23,5,483.77,2142.83,42.5,Phoenix,Credit Card,Returned
252065,2167,22650,2023-11-03,8,28.93,4141.63,28.79,Chicago,PayPal,Returned
298999,2143,79962,2023-01-13,2,341.04,1162.55,28.03,Phoenix,Debit Card,Not Returned
238090,1092,75786,2022-04-30,6,257.4,2240.82,12.01,Los Angeles,Debit Card,Not Returned
490278,3844,13799,2021-11-11,9,154.28,204.13,0.96,Los Angeles,Cash,Returned
950273,3284,86733,2022-08-20,6,454.53,1937.47,24.2,Los Angeles,Debit Card,Returned
821206,2865,58581,2021-09-12,7,416.04,1541.91,22.46,Chicago,PayPal,Returned
271549,6608,56130,2023-01-25,5,28.37,1700.1,42.71,Houston,Credit Card,Returned
156235,1668,96265,2022-06-17,1,332.3,2736.56,30.25,Phoenix,Bank Transfer,Not Returned
741823,3125,70892,2021-01-13,1,98.74,4502.45,32.27,Chicago,PayPal,Returned
978055,8791,40001,2023-12-01,9,459.62,3277.17,28.75,Los Angeles,Credit Card,Not Returned
309004,5494,94421,2022-01-22,5,171.81,1011.35,38.75,Houston,Cash,Returned
728464,1511,38385,2022-08-17,1,270.7,207.36,8.64,Chicago,Bank Transfer,Returned
298078,4267,35151,2023-01-05,1,118.52,2338.59,40.86,New York,Bank Transfer,Returned
847851,3065,24166,2023-03-08,8,140.07,866.29,36.62,Chicago,Credit Card,Returned
402924,1469,37569,2021-11-19,1,311.05,284.06,4.77,Houston,Debit Card,Returned
533019,3119,30784,2022-06-21,3,471.88,2715.72,14.72,Houston,PayPal,Not Returned
233704,4581,86097,2021-01-11,3,421.03,2225.25,42.73,Phoenix,PayPal,Returned
808768,5313,25890,2022-04-23,2,16.47,2897.92,33.23,Phoenix,PayPal,Not Returned
151934,5089,65437,2022-05-05,2,370.71,1439.08,16.91,New York,Cash,Returned
558771,7989,30326,2022-02-05,6,142.87,2658.1,5.81,Chicago,Cash,Not Returned
302998,7499,93114,2021-03-06,2,421.27,3836.9,11.0,Chicago,Credit Card,Not Returned
568859,4659,33400,2023-10-15,4,84.7,2083.54,37.52,Chicago,Cash,Returned
656915,9123,27416,2022-08-10,5,333.08,128.08,15.09,New York,Debit Card,Not Returned
134450,8366,30730,2023-07-29,3,225.16,3714.74,37.62,Phoenix,Credit Card,Not Returned
491345,9724,57268,2023-02-17,3,234.55,4053.82,11.97,Chicago,Bank Transfer,Not Returned
105832,3333,67434,2023-12-06,2,105.69,2677.74,27.92,Houston,Cash,Not Returned
834807,5125,31565,2022-11-30,1,85.55,2573.31,19.94,New York,Cash,Not Returned
389310,9290,81874,2022-10-06,6,342.18,367.89,35.77,New York,Bank Transfer,Returned
266286,4698,43015,2022-02-25,6,111.55,2100.18,11.52,Houston,Bank Transfer,Not Returned
613792,6153,78817,2023-04-22,5,34.08,3402.06,49.94,Phoenix,Cash,Not Returned
917988,6280,84473,2021-10-24,1,118.81,1418.01,44.25,Los Angeles,Credit Card,Not Returned
989132,2251,25499,2023-07-02,6,353.64,1035.88,46.87,Phoenix,Cash,Not Returned
788301,4999,35138,2023-06-30,6,162.38,2441.42,35.51,Los Angeles,Debit Card,Returned
372003,4723,26430,2021-04-29,8,123.28,2146.69,38.59,Los Angeles,PayPal,Not Returned
959256,6122,80946,2021-08-10,4,302.61,3068.0,42.51,Chicago,PayPal,Returned
984741,8293,85129,2023-04-08,2,387.07,2369.86,14.81,New York,Bank Transfer,Not Returned
554103,8804,47382,2022-04-23,9,376.35,2584.5,8.81,Phoenix,Bank Transfer,Not Returned
653915,6562,87495,2022-07-16,2,412.62,4492.15,33.21,Houston,Bank Transfer,Returned
301734,7060,22787,2022-07-11,1,362.7,4753.59,41.34,Chicago,Cash,Not Returned
659776,9093,23864,2021-08-29,7,454.59,1360.67,9.92,Phoenix,Debit Card,Not Returned
243929,3179,30266,2022-03-07,1,412.09,2003.77,23.62,Phoenix,Debit Card,Returned
620130,3713,55186,2022-11-21,1,230.8,1526.09,41.57,Los Angeles,PayPal,Returned
191845,1611,68321,2022-01-11,9,395.68,1319.65,47.68,New York,Cash,Not Returned
435959,1230,12102,2023-01-04,8,246.37,4968.76,26.2,Houston,Credit Card,Returned
763767,5053,95310,2022-02-08,8,323.3,1237.45,20.61,Houston,Bank Transfer,Not Returned
135028,9847,41792,2022-04-03,9,171.09,344.19,48.84,Los Angeles,Cash,Not Returned
116409,5032,53931,2022-11-26,8,274.75,4670.79,38.3,Phoenix,PayPal,Returned
537617,4990,48814,2022-08-01,7,262.94,1330.71,5.98,Los Angeles,PayPal,Returned
794763,4501,42293,2023-11-29,8,147.18,4948.74,43.47,Phoenix,Cash,Not Returned
433477,1977,83033,2022-01-02,8,187.26,2505.94,42.79,Chicago,Debit Card,Returned
287400,7773,55910,2023-12-19,1,70.95,2952.12,25.08,Houston,Debit Card,Not Returned
201686,9311,71869,2021-03-08,9,303.07,3204.61,49.26,Phoenix,PayPal,Not Returned
419209,5902,40030,2021-10-28,4,485.89,3983.22,49.78,New York,Bank Transfer,Returned
159877,9192,48392,2021-03-05,9,358.93,4031.88,30.62,Houston,Cash,Not Returned
581055,1679,61971,2021-07-01,7,493.83,4403.61,37.44,New York,Credit Card,Returned
568297,3761,14203,2022-08-05,3,436.23,721.28,12.08,Los Angeles,Credit Card,Not Returned
962885,6246,53636,2023-11-10,7,95.91,2548.5,26.98,Chicago,PayPal,Not Returned
908943,2605,17095,2021-08-06,5,202.39,3039.92,28.23,New York,Bank Transfer,Not Returned
549695,3917,45604,2022-08-12,6,470.84,2017.89,7.18,Chicago,Credit Card,Not Returned
796963,8211,13710,2021-05-31,5,263.13,3143.24,42.44,Houston,Debit Card,Not Returned
893458,2861,49646,2022-11-18,2,120.74,4152.51,2.64,New York,Debit Card,Not Returned
179899,4481,85126,2022-02-21,9,275.81,4369.05,17.8,Phoenix,Bank Transfer,Not Returned
271945,3195,27230,2022-08-06,4,357.43,639.31,25.11,Los Angeles,Credit Card,Not Returned
706588,1302,17453,2022-08-23,7,75.08,4634.52,28.57,Houston,Bank Transfer,Not Returned
754747,4647,43065,2023-03-08,9,225.89,960.63,10.87,Houston,Credit Card,Returned
568494,5987,42437,2023-04-06,7,499.62,4791.03,5.03,Los Angeles,PayPal,Not Returned
670496,8307,86847,2023-01-22,9,494.83,1191.96,48.78,New York,Cash,Not Returned
640419,5486,89530,2022-04-05,4,459.38,1734.95,5.15,Chicago,PayPal,Not Returned
104617,4837,29695,2021-08-01,4,85.2,3572.9,31.14,Houston,Bank Transfer,Returned
872934,6640,11794,2022-07-28,3,50.89,363.93,12.77,Chicago,Bank Transfer,Returned
506268,6137,14246,2021-07-11,9,444.02,2784.49,33.29,Chicago,PayPal,Not Returned
764893,6494,22993,2021-05-27,2,474.69,4733.01,13.04,New York,Debit Card,Returned
599648,6729,29572,2023-11-18,3,157.98,805.42,43.15,Phoenix,PayPal,Returned
822064,8842,14377,2022-10-19,2,221.63,572.51,19.61,Houston,Debit Card,Not Returned
787303,3207,66019,2022-06-16,4,487.67,3818.82,28.55,Houston,Debit Card,Returned
647991,7454,49066,2022-02-07,3,17.02,887.45,49.34,Los Angeles,Credit Card,Not Returned
136718,5173,61431,2021-03-02,5,375.54,1368.4,32.48,Los Angeles,Cash,Returned
998908,1601,89963,2022-02-07,2,490.48,2033.9,44.64,Houston,Bank Transfer,Returned
972168,4651,50787,2023-05-09,8,54.61,2997.62,33.14,New York,Bank Transfer,Not Returned
787606,1564,53600,2021-02-25,1,74.83,1480.33,6.58,Phoenix,Bank Transfer,Returned
670972,6974,97135,2021-01-30,4,340.01,4097.79,2.15,Los Angeles,Bank Transfer,Returned
750751,8323,97439,2022-02-13,8,492.57,303.38,29.55,Chicago,Credit Card,Not Returned
726146,2828,14986,2023-12-09,3,127.43,4360.12,25.09,Phoenix,Credit Card,Not Returned
534224,7217,53350,2022-02-18,3,391.4,4670.94,49.09,Los Angeles,Credit Card,Not Returned
423352,2915,73188,2022-05-26,8,169.74,1851.16,34.86,Chicago,Bank Transfer,Not Returned
598074,2549,51910,2023-01-14,2,15.51,4104.2,7.78,Phoenix,Bank Transfer,Returned
838039,9771,19263,2022-11-22,6,76.48,1728.01,19.12,New York,PayPal,Returned
458923,8599,79777,2023-03-28,7,329.31,573.97,34.76,Los Angeles,Bank Transfer,Returned
956492,8227,35158,2021-01-27,2,240.2,3215.87,11.69,New York,PayPal,Not Returned
863920,2707,57025,2021-04-11,4,243.84,4140.91,16.41,Chicago,Cash,Returned
176348,1393,57088,2023-04-25,8,478.29,392.13,6.97,Los Angeles,Cash,Returned
529781,3284,36444,2023-05-11,8,79.23,3411.11,13.06,New York,Debit Card,Not Returned
168691,3397,19379,2023-08-10,6,284.53,3874.94,19.7,Houston,Cash,Returned
779752,5282,65292,2021-11-03,2,375.2,3162.08,12.0,Phoenix,Debit Card,Returned
875058,8348,40752,2022-02-16,8,68.79,4251.33,33.95,Phoenix,Bank Transfer,Returned
451093,2570,87359,2021-02-14,3,321.8,4228.34,1.22,Phoenix,Debit Card,Not Returned
355981,7188,64741,2023-12-30,8,324.61,2156.82,30.86,New York,Credit Card,Not Returned
139537,7526,26893,2023-04-10,5,307.72,808.78,17.72,Houston,Credit Card,Not Returned
544064,3335,50831,2023-10-06,1,449.69,3518.95,34.5,Phoenix,Bank Transfer,Returned
229990,9461,44727,2022-11-24,2,366.12,2562.11,13.1,Houston,PayPal,Not Returned
475652,4477,71020,2023-05-01,9,74.47,4387.36,9.77,Chicago,PayPal,Not Returned
560289,3601,51727,2022-09-27,5,389.24,4544.48,35.1,Chicago,Cash,Not Returned
841495,9003,27732,2021-03-28,4,370.95,2534.44,21.02,Phoenix,PayPal,Not Returned
338355,2622,54760,2023-11-02,5,490.76,592.17,20.48,New York,PayPal,Returned
199522,7482,24176,2021-03-25,8,256.89,3728.98,12.35,Chicago,PayPal,Not Returned
778523,1298,40338,2023-01-18,8,465.82,4677.71,34.21,Los Angeles,Bank Transfer,Not Returned
764594,3093,35691,2022-11-25,2,466.61,716.68,23.0,Chicago,Cash,Returned
916353,1287,96122,2021-01-06,6,301.29,19.0,26.2,New York,Credit Card,Returned
944445,4091,15170,2021-09-06,1,160.89,2144.6,40.26,Phoenix,Debit Card,Returned
353618,7890,25142,2022-11-14,9,7.69,1971.78,41.13,Los Angeles,Bank Transfer,Not Returned
133298,6956,44300,2021-04-16,6,165.64,1129.88,19.95,Houston,Cash,Not Returned
441376,3989,25849,2022-12-12,7,410.95,4367.55,23.87,Chicago,Cash,Not Returned
781233,4716,86515,2021-05-19,8,224.99,3199.83,33.49,Phoenix,Cash,Returned
344883,5306,92790,2021-06-14,6,432.93,1592.16,20.1,Chicago,Credit Card,Returned
290522,8209,16658,2023-02-08,5,322.3,317.23,41.04,Chicago,Bank Transfer,Not Returned
478638,1859,31487,2023-12-19,2,370.42,3803.49,4.02,Chicago,Bank Transfer,Not Returned
240696,3538,72638,2023-07-09,6,463.89,4876.24,36.78,Los Angeles,Credit Card,Not Returned
989136,4602,26400,2023-01-25,6,129.5,712.23,31.95,Houston,Debit Card,Returned
860836,9940,56720,2023-11-16,8,298.89,2468.27,36.44,Houston,Cash,Returned
979235,6158,50609,2022-08-14,4,371.86,4625.52,35.62,Los Angeles,Debit Card,Returned
685495,8697,85022,2023-02-11,2,162.9,661.41,42.91,Houston,Cash,Returned
535004,5280,62753,2021-07-29,4,467.63,4019.16,49.03,Phoenix,Cash,Not Returned
893343,3174,22892,2023-06-24,8,362.74,2684.16,31.27,New York,Bank Transfer,Returned
181482,6143,99176,2021-02-24,3,262.53,239.07,7.54,New York,PayPal,Returned
380188,9012,18579,2022-08-15,5,115.93,1015.56,1.29,Phoenix,Bank Transfer,Returned
702350,9603,78385,2021-01-02,8,45.65,36.41,27.55,Phoenix,PayPal,Returned
573077,4065,52481,2021-06-02,6,46.55,604.83,2.3,Houston,Credit Card,Returned
144105,5501,12215,2022-04-30,4,24.56,2739.67,12.5,Phoenix,PayPal,Not Returned
186078,5620,34501,2023-04-02,5,189.2,4413.98,41.07,New York,PayPal,Returned
781820,5593,91150,2023-06-21,9,150.79,3931.73,7.66,Los Angeles,Credit Card,Not Returned
962106,4647,56247,2022-01-04,4,449.76,4716.58,49.77,Houston,PayPal,Not Returned
787918,9416,88702,2022-11-28,4,62.99,1993.39,32.76,Los Angeles,Cash,Returned
843193,9548,17941,2022-01-29,8,414.25,3820.13,26.32,Los Angeles,Debit Card,Returned
465815,6397,14386,2021-05-13,6,356.42,4061.84,47.72,Houston,Debit Card,Not Returned
622600,7980,13114,2021-09-30,5,45.7,4854.66,48.71,Chicago,Cash,Returned
240031,7641,55365,2022-01-05,6,100.85,3232.18,36.34,Chicago,PayPal,Returned
809896,3117,23883,2023-02-08,4,354.2,223.3,14.14,Chicago,Bank Transfer,Not Returned
392721,1397,60303,2023-01-31,3,408.59,2121.85,38.56,New York,Bank Transfer,Not Returned
355312,8539,27883,2022-01-13,1,324.08,4546.09,12.11,Phoenix,Cash,Not Returned
747195,2417,44163,2021-09-23,7,455.84,2694.1,46.31,Chicago,Bank Transfer,Not Returned
169019,6558,77011,2021-10-10,7,497.08,1377.22,0.77,Chicago,Bank Transfer,Not Returned
622802,4974,82402,2023-08-08,2,397.2,4473.26,32.09,New York,PayPal,Returned
334246,5956,80272,2021-01-04,8,390.79,3702.05,5.84,Chicago,Credit Card,Returned
501840,2008,93369,2021-11-07,6,40.04,3602.41,17.03,Phoenix,Bank Transfer,Returned
583902,4305,64193,2022-05-12,8,127.09,4918.5,27.89,New York,PayPal,Not Returned
233113,6679,17498,2023-03-20,1,413.59,1264.86,12.13,Chicago,Bank Transfer,Not Returned
238686,6583,80999,2022-10-03,9,56.05,3774.8,40.66,Los Angeles,Debit Card,Not Returned
174717,4744,72544,2023-10-23,4,412.56,2531.6,11.22,Houston,Debit Card,Returned
761825,8538,18161,2021-02-02,3,297.43,2838.61,47.45,Chicago,PayPal,Returned
303894,3921,11704,2023-01-22,3,14.02,4272.27,48.72,New York,Cash,Returned
760565,7800,67448,2021-03-06,9,483.49,775.08,1.01,Los Angeles,Credit Card,Returned
102451,4551,90558,2021-04-19,1,200.98,2879.48,15.0,New York,PayPal,Returned
942873,6112,31987,2023-01-18,3,439.21,3163.68,48.78,Chicago,PayPal,Returned
855525,7875,52701,2022-04-20,1,148.0,1834.49,17.62,Los Angeles,Credit Card,Not Returned
653299,7137,47492,2021-06-25,2,81.54,4326.83,39.21,New York,Cash,Returned
350955,1628,33344,2023-01-08,1,14.26,779.35,30.23,New York,Debit Card,Not Returned
322432,4086,85311,2023-05-29,7,279.57,2112.52,6.84,Los Angeles,Debit Card,Returned
750882,5829,58466,2021-11-16,4,357.36,1596.67,46.24,Phoenix,Cash,Returned
443898,6145,59566,2021-02-02,1,377.95,2408.42,30.58,Houston,Credit Card,Returned
382185,4413,54918,2021-04-29,6,42.8,334.45,14.69,Los Angeles,Debit Card,Not Returned
181506,8319,47277,2022-05-06,9,485.1,4429.84,3.8,New York,Credit Card,Returned
704899,9013,43249,2023-08-21,6,16.74,536.08,17.56,New York,PayPal,Not Returned
272801,3044,81876,2023-03-17,8,142.06,287.23,18.5,Houston,Debit Card,Returned
421554,3507,64377,2021-11-04,4,309.23,4453.2,15.54,Los Angeles,PayPal,Not Returned
976272,8968,18036,2021-11-08,3,470.19,295.28,49.44,Los Angeles,Cash,Not Returned
709768,8817,61835,2022-07-24,9,333.08,3352.97,12.5,Chicago,Bank Transfer,Not Returned
813970,1050,49025,2023-03-09,5,141.03,657.95,41.83,Phoenix,Cash,Returned
436676,4811,21052,2021-09-27,9,161.15,207.77,45.24,Chicago,PayPal,Not Returned
181688,2264,69929,2023-05-06,9,365.13,829.5,34.47,Chicago,Credit Card,Not Returned
336744,8914,75003,2022-10-02,4,42.84,3803.02,14.82,Chicago,PayPal,Not Returned
587682,7418,21968,2021-01-29,2,71.26,940.14,35.11,Chicago,Bank Transfer,Returned
292895,1064,85504,2021-03-09,5,461.24,3861.05,20.01,Chicago,Credit Card,Returned
248169,3285,82452,2021-09-14,1,80.0,2229.88,14.62,Los Angeles,Debit Card,Not Returned
872256,7040,91206,2022-06-01,7,16.1,2601.34,18.77,New York,Credit Card,Returned
808375,6786,40935,2021-05-22,9,319.63,991.65,22.07,Chicago,Bank Transfer,Returned
205199,2818,35058,2022-12-20,3,349.96,1848.85,27.64,Chicago,Cash,Not Returned
237135,1747,25781,2021-10-29,3,331.98,4058.45,22.39,Chicago,Bank Transfer,Not Returned
107054,5233,88504,2023-12-26,5,274.41,1025.25,24.64,Phoenix,Cash,Returned
658287,4524,82721,2023-12-16,4,25.34,1561.2,8.12,Houston,Credit Card,Not Returned
578302,4187,62340,2023-05-17,5,202.08,958.8,21.97,Chicago,Debit Card,Returned
366412,4143,53563,2021-03-24,4,65.65,4926.08,30.65,New York,Debit Card,Returned
994353,2960,62909,2023-11-19,9,101.03,904.83,19.14,Chicago,PayPal,Returned
149077,5588,64226,2022-04-19,6,336.31,2525.05,30.58,Los Angeles,Credit Card,Returned
904724,5304,24571,2023-09-30,7,330.06,2595.82,2.27,New York,Credit Card,Not Returned
523117,8250,23910,2022-10-28,5,366.58,1577.7,27.29,New York,Cash,Not Returned
416499,5844,54833,2022-02-01,1,121.24,3281.81,23.71,Phoenix,Credit Card,Returned
630152,3875,57564,2021-06-06,3,379.45,4641.45,48.42,Chicago,Cash,Returned
333487,8169,95366,2022-01-19,8,104.48,2093.84,41.95,Houston,Credit Card,Returned
775854,8193,75455,2021-04-12,3,410.21,2658.35,34.48,Los Angeles,Bank Transfer,Not Returned
110855,5466,87513,2021-11-23,9,100.66,869.59,44.13,Phoenix,Debit Card,Returned
435802,1183,72408,2022-07-09,7,243.81,1569.27,22.73,Chicago,PayPal,Not Returned
394485,9636,89933,2022-05-04,7,238.82,3241.87,7.95,Houston,PayPal,Returned
841994,8214,69599,2022-07-25,4,69.57,4971.62,42.61,Phoenix,Cash,Returned
139616,2497,47844,2022-08-22,3,364.26,3845.22,25.25,Chicago,Credit Card,Returned
551267,9657,32701,2023-04-01,9,498.61,4905.6,22.34,Los Angeles,Bank Transfer,Returned
680508,3964,89492,2023-03-08,3,266.39,280.96,40.55,Los Angeles,PayPal,Returned
341649,1419,94056,2023-04-08,6,401.16,3066.44,45.9,Chicago,PayPal,Not Returned
646401,2301,41621,2022-09-19,8,9.61,4106.38,18.64,Los Angeles,Debit Card,Returned
795764,2274,87717,2021-03-26,2,143.01,4404.1,27.15,Houston,Credit Card,Not Returned
286211,9717,55670,2022-05-12,7,395.06,2226.95,3.17,Phoenix,Cash,Not Returned
480368,2043,17732,2023-02-12,3,5.71,4618.59,48.27,Chicago,Bank Transfer,Returned
762120,9731,83218,2022-01-05,6,376.55,3399.63,11.83,Chicago,Cash,Returned
278533,6224,46559,2023-09-10,2,293.6,4746.86,35.95,Phoenix,Cash,Not Returned
625290,9162,19060,2022-08-06,8,61.6,4285.19,34.6,Houston,Debit Card,Not Returned
251264,9504,20664,2021-10-04,6,245.72,346.77,7.13,Chicago,Cash,Returned
516392,7449,23371,2022-06-29,4,198.61,1566.82,11.92,Houston,Bank Transfer,Returned
702829,3641,22511,2022-09-18,3,249.15,1965.9,29.47,New York,Credit Card,Returned
597161,3634,38886,2022-03-18,9,232.2,391.39,6.15,New York,Credit Card,Returned
122831,3429,23376,2022-01-08,4,297.25,3612.55,48.97,Phoenix,Cash,Not Returned
149565,6661,30647,2023-12-12,2,144.12,2566.11,43.68,Chicago,Cash,Returned
530942,1036,25776,2021-11-13,7,494.03,1134.75,35.17,Phoenix,Credit Card,Returned
677986,4255,22493,2021-10-15,8,173.14,4357.79,48.53,Chicago,Bank Transfer,Returned
557320,7311,27223,2022-06-20,8,267.86,2290.79,18.39,Chicago,Credit Card,Not Returned
843324,6316,50453,2021-09-22,1,169.43,770.16,46.27,Phoenix,Credit Card,Not Returned
324777,7966,96843,2023-08-26,5,154.68,1195.14,41.14,New York,Credit Card,Returned
586770,7076,10926,2023-12-11,4,214.93,2631.42,40.5,New York,Debit Card,Not Returned
590027,2285,73145,2022-01-17,2,322.57,3137.25,19.79,Los Angeles,Bank Transfer,Not Returned
455178,4862,84019,2021-09-26,4,142.63,31.77,6.49,New York,PayPal,Not Returned
603709,8178,62794,2022-02-13,4,53.03,1660.07,47.04,Houston,Debit Card,Returned
352955,1049,49157,2021-02-09,8,317.36,367.15,26.34,New York,Cash,Returned
343483,1436,95300,2021-01-27,8,255.83,2498.85,38.08,New York,PayPal,Not Returned
673298,4309,89632,2023-01-04,2,173.62,2791.93,1.21,Los Angeles,Bank Transfer,Not Returned
111873,9904,52899,2022-04-14,9,306.5,333.84,49.96,Houston,Credit Card,Returned
464104,9482,57069,2021-10-09,8,213.79,3585.81,1.88,Phoenix,Credit Card,Returned
368927,6275,68317,2022-07-13,9,219.07,769.84,22.47,Los Angeles,Bank Transfer,Not Returned
204838,1657,80731,2022-11-30,9,252.75,3748.61,42.76,Los Angeles,PayPal,Returned
312535,7442,12999,2021-12-25,6,278.36,2596.18,13.32,Chicago,PayPal,Returned
675831,7113,54111,2021-07-26,4,116.2,543.93,8.53,New York,Cash,Not Returned
767273,2373,99737,2023-07-24,2,391.35,2325.94,36.77,Houston,PayPal,Returned
346339,9335,56598,2021-08-09,6,240.0,107.72,10.87,New York,Credit Card,Returned
287048,7034,22042,2021-02-02,3,324.64,2365.61,46.12,Los Angeles,Credit Card,Returned
230191,3861,96040,2023-08-14,8,323.43,3672.58,8.76,New York,Credit Card,Not Returned
651635,5384,24607,2022-09-01,7,207.41,2356.48,17.56,New York,Bank Transfer,Returned
380550,2335,20876,2023-07-06,6,169.68,1014.25,2.37,Los Angeles,Debit Card,Not Returned
498870,6006,15870,2021-04-30,5,301.72,1869.23,37.33,Los Angeles,Debit Card,Returned
167503,7756,12334,2022-04-12,8,258.73,4743.48,43.61,Los Angeles,Bank Transfer,Returned
376247,8910,46076,2023-09-04,9,257.71,1192.09,48.96,Los Angeles,Cash,Returned
584039,6127,99570,2022-02-14,5,197.7,2787.75,6.21,Los Angeles,Bank Transfer,Returned
119769,6877,80122,2021-11-03,6,125.02,3341.15,13.52,New York,PayPal,Returned
592240,1581,67515,2023-03-04,4,285.25,295.1,29.18,Phoenix,Credit Card,Not Returned
222143,9431,76830,2022-04-30,3,169.78,3887.89,1.01,Phoenix,Credit Card,Not Returned
220663,5055,69447,2021-11-28,1,41.58,2458.92,35.6,Los Angeles,Debit Card,Not Returned
660832,7932,57865,2021-06-02,1,251.85,779.27,41.36,Chicago,PayPal,Returned
990610,1752,35813,2023-09-07,1,156.67,2228.24,10.94,Phoenix,Debit Card,Not Returned
634376,1968,61725,2022-12-01,2,212.95,3919.2,16.43,New York,Cash,Not Returned
467517,7357,65937,2023-10-25,2,68.54,4478.27,7.57,New York,Credit Card,Not Returned
756862,3092,71833,2023-03-31,4,364.29,138.35,19.29,Phoenix,PayPal,Not Returned
483137,7622,73455,2021-07-24,7,295.41,2834.95,5.67,Houston,PayPal,Not Returned
796987,6712,56991,2022-09-15,9,458.78,3162.01,33.16,Los Angeles,Cash,Not Returned
643366,6720,60593,2022-06-08,5,195.39,754.53,47.1,New York,Credit Card,Not Returned
334678,5346,69648,2022-07-31,5,309.81,3502.9,37.71,Phoenix,Debit Card,Not Returned
386743,3342,60082,2022-04-05,8,72.51,3082.35,44.67,Phoenix,Cash,Returned
768238,8201,56141,2023-11-13,3,144.31,4686.2,15.14,Phoenix,Cash,Not Returned
918981,7465,74512,2021-09-16,1,435.66,587.77,33.11,Houston,Cash,Not Returned
983953,2413,83666,2021-12-28,1,436.12,500.11,41.61,Chicago,Cash,Not Returned
548459,9451,27124,2023-05-13,9,46.66,758.67,46.67,Houston,Credit Card,Not Returned
173826,8653,65158,2022-02-13,1,423.19,3952.03,43.69,Los Angeles,PayPal,Not Returned
218193,7642,27268,2021-02-18,8,147.93,2666.24,35.6,Houston,Debit Card,Returned
119223,7063,47034,2022-05-05,1,287.72,3191.59,44.63,New York,Bank Transfer,Not Returned
735060,7452,37981,2021-04-03,9,246.27,4093.88,20.37,Houston,Bank Transfer,Returned
321501,9198,29151,2023-03-12,8,298.4,526.12,33.49,Houston,Debit Card,Returned
855326,1392,95556,2022-10-04,5,202.72,2152.85,42.91,Chicago,Debit Card,Returned
684972,8319,63824,2021-04-21,6,366.3,2583.32,34.14,Chicago,Bank Transfer,Returned
717578,1504,52326,2022-04-09,1,199.63,4385.89,46.67,Houston,Bank Transfer,Returned
464283,8934,74353,2021-02-03,3,20.43,375.58,46.17,Phoenix,Bank Transfer,Returned
886877,7753,73024,2023-06-12,4,157.32,2096.28,33.57,Houston,PayPal,Not Returned
984426,1223,10379,2022-08-31,2,248.92,412.97,29.26,New York,Debit Card,Returned
882319,4328,27674,2022-03-27,1,194.58,2762.14,48.98,Chicago,Credit Card,Returned
791319,2119,11733,2023-01-10,5,29.77,3566.99,44.01,New York,Bank Transfer,Not Returned
476411,3845,15650,2021-03-25,9,288.34,4422.73,14.05,Houston,Cash,Returned
282565,2083,91884,2022-07-04,9,387.6,165.46,10.23,Chicago,Bank Transfer,Returned
219239,9967,61468,2022-07-29,5,99.63,4475.16,13.56,Chicago,PayPal,Not Returned
172854,5081,95495,2022-09-29,8,467.22,1488.11,37.34,Chicago,PayPal,Returned
990006,5353,24618,2021-11-25,2,156.34,1871.07,40.42,Chicago,Cash,Returned
394762,6458,42076,2022-09-12,2,436.52,1498.4,40.32,Phoenix,Debit Card,Returned
749858,9046,24564,2023-06-30,5,372.25,4226.33,42.06,Houston,Debit Card,Not Returned
129363,4268,75911,2023-01-15,9,261.03,2610.99,14.26,Chicago,Debit Card,Not Returned
943578,8560,60831,2021-09-14,8,271.79,2520.26,10.45,Houston,Debit Card,Returned
102927,4742,97502,2021-12-27,1,385.72,901.7,44.52,Houston,Cash,Returned
167156,6603,17725,2022-09-05,1,375.8,1997.76,24.33,New York,Credit Card,Not Returned
786869,5876,57549,2023-05-31,3,301.21,4333.01,0.82,New York,Cash,Not Returned
497096,1641,94284,2022-07-08,3,146.66,2037.51,41.05,Houston,PayPal,Returned
641327,5331,73135,2023-05-07,9,175.51,158.79,5.21,Los Angeles,PayPal,Returned
402446,1549,15539,2021-10-21,2,468.17,847.58,1.22,New York,Credit Card,Returned
827462,9706,47030,2022-03-18,3,223.73,4577.39,13.3,Houston,Credit Card,Returned
434749,7772,91039,2021-12-17,4,120.28,918.94,45.99,Chicago,Cash,Returned
964911,9111,47148,2022-09-18,7,48.43,3030.32,30.25,Houston,Credit Card,Not Returned
618902,2638,18127,2021-04-28,7,363.23,4922.12,16.88,Houston,PayPal,Not Returned
114754,1647,13650,2022-05-27,2,454.01,2813.65,22.16,Los Angeles,Credit Card,Returned
859867,8204,34488,2023-06-06,8,88.14,1816.28,2.13,Los Angeles,Cash,Returned
555585,2097,73368,2021-09-30,9,25.75,2624.59,39.13,Houston,PayPal,Returned
928289,4370,58366,2023-12-27,5,252.18,4677.3,18.53,Houston,Debit Card,Returned
228374,9112,31456,2022-07-22,3,130.68,1360.98,44.01,Phoenix,Bank Transfer,Not Returned
884416,5359,24773,2022-10-18,4,26.73,1723.9,44.78,Los Angeles,Debit Card,Not Returned
734393,8448,49804,2021-02-21,7,63.38,3189.0,4.94,Phoenix,Debit Card,Not Returned
987051,1913,72064,2022-09-01,5,193.0,1973.48,35.48,Chicago,PayPal,Returned
552078,5262,83395,2021-02-02,8,499.04,455.4,45.75,Chicago,Cash,Returned
637589,6993,26528,2023-02-26,7,326.12,3997.14,18.16,Los Angeles,Cash,Not Returned
702122,8351,22489,2023-06-29,2,487.13,4247.69,19.76,Phoenix,PayPal,Returned
218203,8726,36362,2021-10-30,4,413.13,4531.65,38.33,Chicago,Bank Transfer,Not Returned
822961,4073,31126,2021-08-25,6,421.85,3451.84,43.44,New York,PayPal,Not Returned
475164,6838,36259,2022-01-23,9,344.56,1703.94,6.72,Houston,Credit Card,Not Returned
699500,7749,97971,2021-09-30,6,326.46,4424.51,10.23,New York,Bank Transfer,Not Returned
464376,7168,28777,2022-05-08,8,437.94,736.95,10.28,Phoenix,Credit Card,Not Returned
390383,8302,52419,2023-07-03,6,301.09,3279.81,19.72,New York,Credit Card,Returned
594838,3007,12123,2022-10-28,5,179.13,2260.79,3.09,Houston,Bank Transfer,Returned
895122,5842,44439,2023-11-03,3,170.61,745.11,27.48,Houston,Credit Card,Returned
376647,3031,66849,2023-11-10,8,247.14,1746.5,4.93,Phoenix,Cash,Not Returned
673091,2745,39190,2021-07-21,4,441.96,482.88,11.82,New York,Debit Card,Not Returned
219553,8822,64188,2022-05-27,7,432.08,1536.28,49.29,Chicago,Credit Card,Not Returned
934111,6000,55244,2023-07-14,6,21.35,38.13,49.52,Houston,Cash,Returned
231767,5165,57735,2022-02-11,7,330.83,4799.41,23.08,Phoenix,Bank Transfer,Returned
780230,1808,66342,2022-10-04,4,350.38,3904.16,19.83,Chicago,Credit Card,Not Returned
207627,9130,24491,2023-02-15,4,304.13,4603.11,31.06,Chicago,Bank Transfer,Not Returned
897639,6693,59098,2023-07-16,8,192.82,206.4,11.73,Los Angeles,PayPal,Not Returned
681628,2473,51665,2023-07-04,2,481.25,2940.71,3.07,Phoenix,Cash,Not Returned
328755,2724,37940,2021-08-18,8,483.73,2458.39,17.93,Chicago,Cash,Returned
871285,1360,85353,2021-08-12,9,471.86,477.96,5.35,New York,Cash,Returned
589716,8345,59625,2023-06-23,9,413.15,4853.79,38.7,Phoenix,PayPal,Not Returned
612939,2804,47010,2023-01-26,8,66.55,3907.84,6.0,Chicago,Bank Transfer,Not Returned
290952,9654,49221,2023-08-05,9,155.2,804.48,33.76,Chicago,PayPal,Returned
392289,7541,56390,2022-10-06,6,67.89,471.89,12.01,New York,Debit Card,Not Returned
131370,5177,24885,2023-04-23,1,390.87,2747.04,5.47,Houston,Debit Card,Returned
194095,3196,44700,2023-07-21,9,114.86,1291.97,0.53,Houston,Bank Transfer,Returned
985117,7214,55400,2021-05-07,9,89.69,2863.66,40.16,Phoenix,Bank Transfer,Not Returned
453843,5166,37247,2022-08-28,3,409.44,4301.31,31.05,Chicago,Bank Transfer,Not Returned
237171,8995,84670,2023-09-28,2,320.33,3817.57,27.46,Phoenix,Bank Transfer,Not Returned
275387,7901,73745,2021-07-25,1,177.24,4279.73,44.91,Los Angeles,Bank Transfer,Returned
926828,7375,27190,2023-08-27,3,36.29,4634.42,9.06,Houston,PayPal,Not Returned
472881,1893,86122,2023-10-07,2,384.51,1896.59,2.27,New York,Credit Card,Returned
622220,7393,22543,2023-11-07,5,424.57,2524.18,47.13,New York,Bank Transfer,Returned
498468,9192,96529,2023-10-27,5,395.17,1999.74,16.56,Phoenix,Credit Card,Returned
167998,4955,91714,2023-02-09,3,5.57,4908.24,33.93,Chicago,Credit Card,Not Returned
468020,6724,83480,2023-08-04,4,342.78,4785.4,47.75,New York,Cash,Not Returned
298649,2185,41301,2023-03-09,7,320.34,2458.68,49.02,Phoenix,Debit Card,Not Returned
606926,7263,20225,2023-05-21,3,301.12,4168.8,38.58,Phoenix,Cash,Not Returned
187660,9763,27863,2022-05-04,4,406.14,3965.94,17.54,Phoenix,Debit Card,Returned
994334,7536,82372,2023-09-27,5,369.69,99.64,36.98,Los Angeles,Cash,Returned
623685,3279,59795,2022-07-19,9,340.05,2897.52,25.48,Phoenix,Debit Card,Returned
849786,6392,10005,2021-04-24,6,363.45,1771.12,43.21,Los Angeles,Bank Transfer,Not Returned
625050,2419,95076,2023-06-30,6,189.95,4374.8,47.99,New York,Cash,Returned
690832,6734,91585,2021-07-21,6,187.29,4908.95,49.32,Los Angeles,PayPal,Not Returned
514286,5510,21188,2023-11-14,3,385.28,3904.95,18.32,Phoenix,Bank Transfer,Returned
687253,3943,70989,2022-02-21,4,186.52,2417.29,10.7,New York,Credit Card,Not Returned
188320,5052,23095,2022-11-03,4,13.88,331.59,10.43,Houston,Bank Transfer,Not Returned
228721,4757,47100,2022-09-11,8,453.62,4784.03,27.54,Houston,PayPal,Returned
383692,3994,72320,2023-08-26,7,67.55,1722.74,17.93,New York,PayPal,Not Returned
698257,5239,53688,2022-06-06,4,347.55,4220.27,16.9,New York,Bank Transfer,Returned
264951,4206,49536,2023-10-09,3,235.82,80.8,33.55,Phoenix,PayPal,Not Returned
483131,5546,89114,2021-09-23,8,496.15,2046.74,8.08,New York,Cash,Not Returned
133137,7187,16868,2023-10-30,1,92.33,4752.03,46.2,Phoenix,Credit Card,Returned
582054,9404,37395,2023-06-18,6,7.61,1044.16,32.92,Phoenix,Cash,Not Returned
237636,7974,23004,2022-09-01,2,206.04,1677.83,43.15,Houston,Bank Transfer,Not Returned
345604,5555,27771,2022-03-28,2,344.06,4523.55,46.63,Los Angeles,Debit Card,Not Returned
454557,5819,36787,2021-11-10,5,120.79,226.56,13.84,Houston,Debit Card,Not Returned
787135,8635,31468,2022-08-16,4,409.59,4091.09,42.61,Los Angeles,PayPal,Returned
975980,4959,31660,2022-09-24,8,207.39,4349.9,45.47,New York,Credit Card,Returned
961787,9059,59731,2022-07-13,7,223.86,4316.83,18.5,Los Angeles,Credit Card,Not Returned
458876,5194,34742,2022-10-05,6,63.33,2521.36,14.54,New York,Cash,Returned
369973,1947,93740,2023-03-20,4,16.79,1903.05,28.9,New York,Cash,Returned
300349,7575,45265,2021-09-19,4,175.89,969.12,46.6,New York,Debit Card,Returned
434447,3216,77275,2021-12-28,5,128.3,2752.89,21.41,Houston,PayPal,Returned
804155,4500,40104,2021-08-04,3,325.1,3093.48,4.34,Phoenix,Bank Transfer,Not Returned
188641,2065,86911,2021-04-27,5,107.35,2595.41,33.48,Chicago,Debit Card,Not Returned
368099,7791,93844,2021-03-23,9,21.1,3426.49,8.66,Chicago,Bank Transfer,Returned
925751,2385,84488,2021-08-20,5,340.85,2601.92,0.0,New York,Credit Card,Not Returned
156168,4714,90142,2021-07-23,1,148.19,3423.71,16.5,New York,Cash,Not Returned
455685,4888,45182,2022-01-28,3,413.08,4275.11,38.87,Chicago,Bank Transfer,Not Returned
960043,6090,66133,2023-04-07,8,404.26,2840.59,13.45,Chicago,Cash,Not Returned
868019,8361,85323,2023-01-03,5,29.62,1057.33,35.36,Los Angeles,Debit Card,Returned
971466,9522,88211,2023-09-02,9,453.65,285.37,40.44,New York,Cash,Returned
369868,3715,61064,2023-01-12,9,354.95,3936.57,32.0,Los Angeles,Credit Card,Not Returned
388233,9794,12457,2023-05-22,1,207.68,4751.83,32.53,Houston,Cash,Not Returned
314326,7906,53357,2021-05-15,4,84.4,3610.11,17.27,New York,Bank Transfer,Returned
226109,8048,65544,2023-01-16,2,127.06,1918.22,37.22,Phoenix,Cash,Not Returned
314980,5157,60008,2023-01-07,6,479.45,4921.39,49.3,Houston,PayPal,Returned
577846,1455,18975,2023-04-29,5,250.23,3897.58,44.81,New York,Bank Transfer,Returned
528847,9994,57208,2022-11-09,5,265.04,2570.38,25.34,Phoenix,Debit Card,Returned
183152,1340,83013,2021-03-21,6,370.15,3591.81,37.51,Los Angeles,Bank Transfer,Returned
999051,4550,82713,2021-05-25,2,122.75,3250.75,19.54,Los Angeles,PayPal,Returned
574183,9640,20168,2021-01-19,7,312.63,4652.81,5.14,Houston,Credit Card,Not Returned
618328,6694,42083,2023-04-16,3,298.88,2933.92,35.32,Los Angeles,Cash,Not Returned
386703,5571,85901,2021-05-15,9,24.03,2412.38,34.49,New York,Credit Card,Not Returned
700922,9172,11024,2023-12-26,1,327.7,4736.62,27.7,Chicago,Debit Card,Not Returned
663360,1508,64566,2022-08-22,7,433.48,2877.43,1.97,Houston,Bank Transfer,Returned
334036,6639,43600,2021-06-29,4,24.32,2405.63,49.91,Chicago,Debit Card,Not Returned
413902,7831,61153,2023-01-26,1,412.85,1243.73,28.73,Los Angeles,Cash,Not Returned
978938,7743,58853,2022-10-30,4,249.09,612.09,2.2,Houston,Credit Card,Returned
972683,2255,28051,2022-12-26,1,192.25,1569.29,1.49,Houston,Cash,Returned
667238,4544,27154,2021-04-20,7,216.9,208.03,16.3,Chicago,Debit Card,Returned
948474,4732,37755,2022-09-27,7,271.94,3229.83,34.78,Phoenix,Bank Transfer,Returned
685386,5584,10430,2022-09-19,8,459.08,3287.11,6.41,New York,Credit Card,Not Returned
664666,5894,48792,2023-02-18,8,256.84,2230.59,36.32,Houston,Debit Card,Returned
819896,4060,54069,2021-03-08,2,419.53,3354.41,9.79,Houston,PayPal,Returned
113460,9189,27409,2023-04-21,1,14.27,4173.74,37.68,Houston,Bank Transfer,Not Returned
793596,6459,87359,2021-05-19,2,371.61,389.2,9.05,Chicago,Cash,Returned
355970,1947,42021,2022-09-02,6,408.13,870.97,45.85,Phoenix,PayPal,Not Returned
874613,1112,21500,2022-08-12,8,391.79,3338.93,9.78,New York,Credit Card,Not Returned
782356,9030,20021,2021-07-22,8,454.91,3041.08,2.54,Houston,Credit Card,Returned
252350,1094,30559,2023-03-07,3,51.48,3121.79,12.01,Chicago,PayPal,Not Returned
660260,1972,99791,2021-07-18,6,316.83,4144.58,39.78,Houston,PayPal,Not Returned
973393,7285,96626,2023-03-13,8,191.42,203.66,19.32,Los Angeles,PayPal,Not Returned
486101,6002,85096,2021-03-29,4,108.57,1098.4,17.11,Los Angeles,PayPal,Returned
787117,3245,91078,2023-02-17,4,151.93,3973.15,47.77,New York,PayPal,Not Returned
524331,9040,69581,2021-01-11,5,304.73,1364.88,12.48,Los Angeles,Cash,Not Returned
161945,6380,87943,2021-05-27,3,173.92,1380.68,7.4,Houston,PayPal,Returned
580222,7683,49036,2022-06-18,9,460.47,3910.39,36.96,New York,Cash,Not Returned
555416,2780,40092,2021-03-16,7,416.98,2987.56,15.9,Chicago,PayPal,Not Returned
299141,6847,18072,2022-08-27,2,414.87,3749.63,35.63,Los Angeles,Bank Transfer,Returned
327882,3864,58715,2022-08-07,4,237.41,1204.81,2.24,New York,Bank Transfer,Returned
678557,7412,16685,2022-04-11,1,368.02,1916.72,5.21,New York,Credit Card,Not Returned
554081,6023,85544,2023-03-23,9,41.76,3498.49,22.77,Chicago,Credit Card,Returned
260155,3748,73407,2022-11-20,7,344.76,2253.76,10.9,Houston,Cash,Returned
589213,5769,77682,2021-02-20,7,26.36,1023.56,25.65,Los Angeles,PayPal,Not Returned
813939,7191,12705,2023-01-13,2,186.12,4907.06,24.9,Houston,Debit Card,Returned
856901,2572,79520,2022-02-28,7,320.59,3182.99,8.72,New York,Cash,Returned
473053,6083,96393,2023-03-26,5,384.86,4762.18,5.04,Chicago,Credit Card,Returned
696539,8876,46082,2023-09-18,4,371.45,4910.21,31.85,Chicago,PayPal,Returned
431103,3407,86695,2023-10-17,3,347.55,4798.56,22.95,Chicago,PayPal,Returned
344183,9741,48522,2022-03-14,1,313.64,3508.55,45.07,Phoenix,Cash,Returned
691450,2798,70329,2022-05-21,7,8.77,2504.86,44.34,New York,Cash,Not Returned
856612,3670,98329,2023-03-03,2,321.58,960.22,1.42,Los Angeles,Cash,Not Returned
887643,4839,69152,2022-06-17,6,251.49,4887.26,32.5,Los Angeles,PayPal,Returned
233216,6095,97489,2021-06-21,1,379.27,3487.54,44.07,Chicago,Bank Transfer,Returned
726960,8039,31684,2021-05-07,7,71.93,1070.09,44.78,Los Angeles,Debit Card,Returned
182613,7012,14889,2021-09-15,7,397.39,10.12,42.34,Houston,Debit Card,Not Returned
270470,2062,50999,2023-03-07,3,468.03,3044.82,27.56,Chicago,Debit Card,Not Returned
126688,3248,65071,2022-07-27,7,492.72,3423.75,38.85,Houston,Credit Card,Returned
147110,5001,76659,2022-08-07,1,354.55,1683.92,49.67,Houston,Bank Transfer,Returned
839087,3983,50549,2021-02-04,5,405.24,4752.64,20.57,Phoenix,Bank Transfer,Not Returned
279097,4735,67788,2021-06-01,5,268.07,2279.0,20.24,New York,PayPal,Returned
279580,8040,17462,2023-12-10,2,463.36,1484.63,42.81,New York,Credit Card,Returned
278879,5181,44180,2023-02-08,5,312.61,1949.26,21.89,Houston,Cash,Not Returned
845973,7464,88782,2022-11-16,9,12.51,3442.04,38.65,New York,PayPal,Not Returned
361994,2120,34660,2021-12-14,2,192.83,4723.01,18.97,Phoenix,Bank Transfer,Not Returned
850288,4138,46877,2021-08-15,1,398.61,1544.49,19.64,Chicago,Debit Card,Returned
134731,6663,83895,2021-09-14,2,247.02,4315.35,18.59,Los Angeles,Credit Card,Returned
923388,7996,91835,2022-11-18,8,442.31,4595.01,5.38,Los Angeles,Cash,Returned
194270,1811,86866,2021-09-07,4,497.07,4088.97,31.88,New York,PayPal,Not Returned
899127,4678,28759,2021-11-09,3,357.18,661.29,7.71,Phoenix,Cash,Not Returned
991999,4388,99949,2023-11-09,4,394.55,1601.11,42.01,Phoenix,Bank Transfer,Returned
944162,5041,53556,2022-09-19,5,279.83,3717.41,7.3,Phoenix,Bank Transfer,Not Returned
593659,3743,94505,2021-02-28,2,385.91,2914.94,15.68,Houston,Debit Card,Returned
178082,7953,53796,2023-11-20,8,90.06,1494.49,46.45,New York,Credit Card,Returned
987555,9826,51065,2022-04-27,9,40.41,3762.12,0.35,Houston,Cash,Not Returned
181065,2977,16481,2021-09-01,9,359.48,4358.14,19.94,Houston,Credit Card,Not Returned
683511,5875,34763,2022-03-28,6,200.5,61.06,22.09,Chicago,Bank Transfer,Not Returned
516550,4228,77791,2021-01-30,1,422.15,1238.62,38.16,Houston,Bank Transfer,Not Returned
540847,7100,12669,2021-10-29,1,340.93,2296.53,7.12,Houston,Cash,Not Returned
217929,9769,58489,2021-01-26,2,433.52,4095.22,30.11,Chicago,PayPal,Not Returned
104728,7426,55353,2021-04-14,6,225.26,802.64,11.4,Los Angeles,Cash,Not Returned
739855,6865,98691,2021-01-23,7,31.71,3137.76,26.2,Los Angeles,PayPal,Not Returned
910143,9729,13966,2023-11-16,2,434.68,3738.71,36.21,New York,Bank Transfer,Not Returned
830519,3460,30519,2023-12-06,5,182.22,2820.02,21.18,Phoenix,Cash,Returned
741682,1070,83381,2022-12-11,3,330.52,1233.4,15.72,Los Angeles,PayPal,Not Returned
403511,7557,81512,2021-09-23,5,462.64,2217.53,44.28,Houston,Debit Card,Not Returned
635121,7645,50801,2022-03-30,5,439.15,1792.09,22.15,Phoenix,Credit Card,Not Returned
628189,5620,72075,2021-03-06,6,365.23,85.22,7.55,Houston,Bank Transfer,Not Returned
145045,4090,97986,2023-03-19,2,236.18,2394.98,37.74,Houston,PayPal,Returned
907053,5007,93587,2022-02-08,8,252.77,3674.42,18.1,Houston,Cash,Not Returned
271934,7763,23984,2023-07-01,5,325.93,1744.08,0.97,Houston,Cash,Not Returned
555021,2619,60815,2023-05-31,3,127.47,4992.99,16.01,Houston,PayPal,Returned
239653,9103,67098,2021-12-18,7,253.72,1369.78,46.99,Chicago,Bank Transfer,Returned
741425,3446,26372,2022-02-14,5,482.0,1052.44,17.24,Houston,Cash,Not Returned
473985,7347,74636,2021-02-12,8,250.74,1632.61,28.94,Chicago,Bank Transfer,Not Returned
591666,1643,66208,2022-09-02,7,233.71,3816.04,1.87,Los Angeles,Credit Card,Not Returned
967206,8257,27375,2021-01-27,2,399.63,2169.51,34.05,Chicago,Debit Card,Not Returned
180596,9639,88341,2023-03-12,7,468.09,4369.66,26.93,Chicago,Credit Card,Not Returned
116949,4561,17036,2022-10-14,9,381.25,776.38,43.9,Phoenix,Bank Transfer,Not Returned
207775,1237,42020,2022-12-09,6,396.5,3513.3,4.17,Houston,Bank Transfer,Returned
565226,3765,66408,2022-04-02,8,200.22,1155.4,49.0,Houston,PayPal,Not Returned
340662,9583,56185,2022-08-03,2,421.74,1939.49,31.31,Phoenix,Debit Card,Not Returned
628207,7258,60317,2023-07-03,1,9.14,83.72,48.61,Los Angeles,Credit Card,Not Returned
718389,2297,93986,2023-04-04,4,117.63,4649.16,22.87,Chicago,Bank Transfer,Not Returned
848191,5083,93303,2021-03-11,7,113.69,4314.37,32.67,Los Angeles,Bank Transfer,Returned
953227,8209,22426,2023-06-29,4,86.46,4994.24,43.66,New York,Credit Card,Not Returned
860413,9860,49805,2021-12-11,6,170.52,739.92,49.8,Houston,Bank Transfer,Not Returned
411225,9885,53002,2021-12-25,1,285.3,2724.71,18.53,Los Angeles,Credit Card,Returned
321683,1325,34093,2023-06-25,6,57.1,864.38,22.28,Chicago,Bank Transfer,Not Returned
530606,2473,63301,2022-06-02,1,45.12,2253.01,25.56,New York,PayPal,Returned
912800,1490,52039,2023-06-16,2,193.37,1436.19,2.49,New York,PayPal,Not Returned
988163,6654,30449,2021-12-10,9,333.45,2963.78,28.36,Chicago,PayPal,Returned
901616,1399,96172,2023-01-11,7,399.35,3401.53,5.81,Houston,PayPal,Not Returned
307289,6467,45590,2021-01-29,3,322.5,4651.22,25.45,New York,Debit Card,Not Returned
756256,9556,48330,2023-06-08,4,55.78,4194.94,28.66,Houston,Cash,Returned
885273,1415,87674,2022-08-11,5,312.59,3095.58,24.4,Phoenix,Cash,Returned
525488,6367,12273,2021-02-08,7,360.72,2583.08,15.34,Los Angeles,Bank Transfer,Not Returned
801519,3311,90441,2022-11-24,5,473.73,3343.94,19.48,Los Angeles,Debit Card,Returned
323804,6847,76980,2021-06-27,4,337.59,4675.93,24.37,Houston,PayPal,Returned
301585,6435,71262,2021-04-17,8,383.08,1825.32,13.29,Houston,PayPal,Returned
552339,5576,90984,2023-07-24,2,477.88,3966.3,41.88,Chicago,Credit Card,Not Returned
611834,5186,54474,2022-05-19,9,345.93,4167.2,45.59,Houston,Debit Card,Returned
929943,8250,84257,2023-01-01,3,258.55,4265.94,39.81,Houston,Credit Card,Not Returned
293837,9221,46478,2021-03-15,1,447.97,876.74,45.94,Chicago,PayPal,Returned
943947,8296,34030,2021-11-12,8,146.24,4032.64,41.92,New York,PayPal,Returned
300138,4526,40929,2023-02-19,7,345.16,731.47,25.53,New York,Bank Transfer,Returned
627467,3168,34299,2021-03-17,3,198.4,2645.13,36.95,Los Angeles,Cash,Returned
553657,3235,22048,2021-02-04,5,497.07,1704.88,42.09,Los Angeles,Credit Card,Returned
344533,4701,14979,2022-08-26,8,450.0,665.9,2.62,Los Angeles,Debit Card,Not Returned
406526,5460,43417,2022-01-27,6,16.02,948.06,9.9,New York,Cash,Not Returned
680347,2024,49611,2023-03-16,1,427.28,2855.28,24.01,Phoenix,PayPal,Not Returned
347343,9105,26909,2021-01-11,7,316.79,4529.99,41.96,Los Angeles,Credit Card,Returned
519560,8471,57843,2021-03-18,2,492.0,2111.04,1.49,Chicago,PayPal,Returned
369886,5581,99504,2022-05-26,6,412.17,4475.71,30.57,New York,Credit Card,Returned
752967,8597,60047,2023-11-23,1,497.91,2294.43,4.41,Chicago,Debit Card,Returned
947098,1833,22340,2022-05-05,9,323.81,2035.48,32.39,Phoenix,PayPal,Not Returned
792542,2474,96623,2021-12-15,4,268.47,2743.56,13.54,Phoenix,Debit Card,Returned
630827,9250,70311,2022-05-21,5,24.77,4373.22,34.61,New York,Credit Card,Not Returned
641876,9575,48679,2021-07-01,9,491.41,3101.95,46.27,Phoenix,Credit Card,Not Returned
541736,9870,73191,2021-04-20,9,241.38,2375.95,10.72,New York,Debit Card,Not Returned
143271,9973,96782,2023-01-27,8,432.85,4788.44,43.74,Phoenix,Cash,Returned
895611,2424,73342,2021-06-12,1,138.27,80.43,5.52,Los Angeles,Cash,Returned
732404,7030,61812,2022-07-02,7,421.41,2418.45,41.16,New York,Cash,Not Returned
871574,6357,82406,2023-02-06,7,328.95,3898.26,21.29,Houston,Cash,Not Returned
457863,7905,28380,2022-03-11,7,162.12,1472.52,31.37,Los Angeles,Cash,Not Returned
525222,9140,57526,2021-07-18,7,130.27,1871.71,45.35,Los Angeles,PayPal,Returned
270217,3027,10396,2021-07-14,7,26.82,955.67,1.9,Houston,Bank Transfer,Not Returned
998953,7423,13767,2021-10-26,6,209.74,3988.86,23.75,Houston,Credit Card,Returned
441555,7491,93073,2023-07-22,5,283.45,766.94,18.59,Houston,Debit Card,Not Returned
820343,7091,17836,2023-09-20,3,405.32,4645.56,33.1,Phoenix,PayPal,Not Returned
678761,3705,51038,2022-04-01,5,434.68,4323.84,11.5,New York,PayPal,Returned
335628,2510,70355,2021-05-23,2,157.24,4612.0,9.97,Houston,Credit Card,Returned
657077,6305,62691,2021-06-24,3,308.53,2303.28,14.16,Phoenix,Credit Card,Returned
247222,9335,55565,2023-10-03,5,191.16,2193.25,26.92,New York,Cash,Not Returned
443316,8749,38412,2023-05-21,1,335.62,77.81,1.76,New York,Credit Card,Not Returned
524692,7200,56343,2022-09-02,6,441.39,3287.14,42.46,Houston,PayPal,Not Returned
528328,2024,42044,2021-10-30,3,138.64,21.83,6.52,Los Angeles,Debit Card,Returned
376342,3499,74243,2023-06-01,8,439.52,2231.51,5.71,Chicago,PayPal,Not Returned
576444,1665,63195,2021-07-13,2,176.99,1227.6,32.25,New York,Credit Card,Returned
127194,2176,71534,2021-03-16,5,115.05,1045.01,25.62,Houston,Debit Card,Not Returned
209694,6072,16364,2021-05-10,7,342.37,3632.49,43.79,Los Angeles,Debit Card,Not Returned
334498,5833,71584,2022-03-20,2,232.43,3197.12,48.7,New York,Debit Card,Returned
326813,8818,51195,2023-04-30,3,325.55,1663.12,46.07,New York,Debit Card,Returned
406466,3292,21007,2021-02-08,2,383.2,1177.01,24.39,New York,Credit Card,Not Returned
948000,9991,10779,2021-03-24,1,208.09,4592.22,3.06,Houston,Bank Transfer,Returned
122892,9554,57315,2023-04-09,2,178.73,3695.93,5.37,Phoenix,PayPal,Not Returned
937958,9948,43106,2023-10-23,9,359.33,271.25,7.95,Phoenix,Debit Card,Returned
149756,1197,36625,2021-02-28,1,172.13,2134.67,6.19,Chicago,Bank Transfer,Not Returned
503764,9657,47671,2023-04-27,7,488.71,733.08,5.94,Chicago,Cash,Returned
624621,8282,49663,2021-01-08,3,344.56,46.28,47.34,New York,Credit Card,Not Returned
549464,6423,11688,2021-05-06,5,413.04,1001.13,47.52,Phoenix,Bank Transfer,Not Returned
697298,5435,59542,2023-08-01,3,378.49,4265.24,28.59,Chicago,Debit Card,Returned
533605,6676,38983,2023-08-07,6,61.63,1301.16,23.49,Chicago,Credit Card,Not Returned
555070,3602,32378,2021-01-22,8,489.7,807.72,36.39,Los Angeles,Cash,Not Returned
338919,1263,29412,2022-05-05,5,299.75,3186.44,16.82,Los Angeles,Debit Card,Not Returned
721103,8091,57415,2023-11-09,7,56.13,4064.62,43.23,Chicago,Debit Card,Returned
877471,1716,36070,2022-03-23,5,379.9,4158.65,1.29,Houston,Cash,Not Returned
867314,1454,23468,2023-02-26,3,342.29,4966.4,20.78,New York,PayPal,Not Returned
398342,3864,78172,2023-09-12,7,464.06,2337.04,22.56,Houston,Cash,Returned
533674,3447,19939,2022-09-26,4,45.24,1682.92,29.64,Chicago,Cash,Not Returned
748156,3688,37231,2023-05-30,8,459.01,534.0,12.07,Phoenix,Bank Transfer,Returned
275316,4652,91183,2022-11-23,2,69.87,2780.75,15.16,Los Angeles,Bank Transfer,Not Returned
781959,5965,44238,2022-01-13,1,34.94,4770.65,43.79,Chicago,Cash,Not Returned
676641,1075,20728,2022-05-14,2,249.28,1158.09,16.8,Phoenix,Bank Transfer,Not Returned
190333,5410,12397,2023-04-23,7,304.56,2186.56,25.3,Phoenix,PayPal,Returned
203019,9341,45993,2021-04-27,3,24.87,1206.93,5.43,Houston,Cash,Not Returned
948155,9288,17829,2023-07-30,1,345.94,3061.45,22.09,New York,Cash,Returned
925223,7980,91836,2022-11-04,2,289.14,1942.35,13.22,Los Angeles,PayPal,Returned
434930,2911,34805,2022-02-07,9,426.26,1037.37,13.65,New York,Credit Card,Returned
459097,6174,92158,2022-01-30,4,169.08,2194.06,8.76,Houston,Cash,Not Returned
554140,7353,84193,2021-04-23,8,5.64,2782.42,18.14,Los Angeles,PayPal,Not Returned
130835,2925,41346,2021-12-20,7,381.88,2841.83,18.32,New York,Debit Card,Returned
364717,2565,27849,2022-09-22,6,431.34,931.47,46.39,Chicago,Credit Card,Not Returned
530524,6788,36167,2021-02-27,3,180.44,3704.72,20.43,Phoenix,Cash,Not Returned
783028,1606,70909,2022-12-28,5,498.22,1240.34,47.84,Houston,Credit Card,Returned
860128,6087,43200,2023-08-21,1,388.33,428.71,6.16,Los Angeles,Debit Card,Not Returned
354624,8677,97277,2021-04-27,9,77.32,1599.9,21.43,Houston,PayPal,Returned
909516,9432,82121,2022-05-18,1,270.65,3251.92,48.4,Los Angeles,PayPal,Returned
509673,3934,41735,2023-12-08,2,418.51,1011.02,10.63,Houston,PayPal,Not Returned
802392,9811,82646,2021-07-15,4,49.47,374.55,28.89,Chicago,Cash,Returned
495969,6119,48241,2023-07-22,8,425.47,3423.44,42.03,Chicago,Credit Card,Not Returned
415386,7332,97609,2022-10-04,4,439.38,3250.36,27.01,Phoenix,Credit Card,Not Returned
422838,3500,40255,2021-05-16,6,406.09,1769.29,32.27,Houston,Bank Transfer,Not Returned
399763,8743,82011,2022-07-19,9,209.53,1141.02,1.29,Los Angeles,PayPal,Returned
926464,5049,38497,2021-12-29,8,303.24,4962.47,14.77,Houston,Credit Card,Returned
292047,7710,63608,2023-03-05,3,347.7,2591.22,28.63,New York,Cash,Not Returned
293472,2115,34003,2021-09-01,7,114.69,3494.69,33.23,Los Angeles,PayPal,Returned
292463,8073,48201,2021-04-30,6,495.41,1244.55,45.5,New York,Debit Card,Not Returned
423350,1622,33695,2022-02-06,7,136.83,3295.91,46.27,Houston,PayPal,Not Returned
467111,6688,44918,2022-11-05,2,491.44,276.81,14.6,New York,Debit Card,Returned
717830,8287,58045,2022-01-11,5,360.37,3590.2,22.47,Los Angeles,PayPal,Not Returned
734768,2994,92061,2022-02-03,2,244.25,816.13,25.88,New York,Debit Card,Returned
242795,5822,67677,2021-05-12,2,23.38,1106.37,0.83,New York,Credit Card,Not Returned
979353,3015,16806,2021-03-31,8,499.43,1458.37,23.99,Phoenix,Bank Transfer,Returned
174769,1834,59195,2021-06-23,5,380.69,3874.28,41.49,New York,Cash,Not Returned
411624,6094,47965,2023-01-20,7,356.87,2733.18,20.4,Los Angeles,Credit Card,Returned
748857,8656,80461,2023-07-27,4,36.9,4879.33,0.23,Houston,Bank Transfer,Not Returned
722093,1947,31121,2023-09-01,3,386.81,353.12,28.5,Los Angeles,Bank Transfer,Returned
224841,5702,33256,2021-10-31,9,177.21,2390.08,1.24,Chicago,Debit Card,Not Returned
463843,4160,14882,2023-04-18,3,236.9,1757.92,11.46,Phoenix,Debit Card,Returned
737501,1347,94382,2023-02-06,1,74.66,3589.08,24.87,New York,PayPal,Returned
191963,7190,67846,2023-01-07,6,41.93,73.07,28.77,Houston,Credit Card,Returned
200626,3587,79427,2023-09-29,3,174.68,3396.49,45.35,Phoenix,PayPal,Not Returned
601152,1297,22289,2021-08-03,2,316.78,4966.51,12.69,New York,Debit Card,Returned
225381,1262,40905,2023-10-22,4,415.2,168.62,44.35,Phoenix,Debit Card,Returned
784002,6529,83724,2023-04-02,4,45.82,3444.75,10.58,New York,PayPal,Returned
315875,9330,68944,2022-04-15,3,144.67,4723.1,37.02,New York,Credit Card,Returned
132306,6845,38323,2021-01-30,1,390.26,3495.79,49.43,Chicago,Cash,Not Returned
122443,9516,21105,2021-06-19,7,37.66,291.04,2.36,Phoenix,Debit Card,Returned
253006,9770,45239,2022-01-28,5,284.99,3221.51,17.68,Chicago,Cash,Returned
604977,5838,37216,2023-07-16,2,363.57,4763.4,48.6,Houston,Debit Card,Not Returned
901977,7131,12007,2023-11-22,9,493.14,4301.22,1.63,New York,Cash,Returned
108309,9746,86062,2023-06-12,1,233.03,4524.49,33.01,Los Angeles,Bank Transfer,Returned
437819,3235,18618,2022-01-03,4,361.95,4704.97,48.38,New York,Bank Transfer,Returned
868200,3129,85655,2022-02-21,2,189.3,3274.16,46.03,Houston,Bank Transfer,Returned
641387,5368,23521,2021-06-06,8,136.3,654.74,30.51,Chicago,Credit Card,Not Returned
931921,4170,49511,2021-04-19,7,68.65,2967.9,45.34,Houston,Credit Card,Returned
426951,8742,55803,2022-12-29,7,186.19,3114.85,17.83,Houston,PayPal,Not Returned
120192,2215,49251,2021-02-11,7,440.54,4982.08,32.49,Chicago,Debit Card,Returned
959007,1119,53799,2021-01-18,8,219.75,1571.27,20.94,Chicago,Debit Card,Not Returned
437885,8959,62576,2022-02-17,6,99.8,1500.11,2.79,Phoenix,Bank Transfer,Not Returned
259293,8499,23315,2021-12-27,8,135.51,2099.37,8.5,Phoenix,Bank Transfer,Returned
814825,5449,54750,2021-11-20,1,132.54,3043.51,24.16,Chicago,Bank Transfer,Returned
810320,5560,26116,2021-01-11,7,253.09,634.91,11.65,Phoenix,Credit Card,Not Returned
222458,3886,33066,2023-05-16,2,165.38,2462.85,17.18,Phoenix,Credit Card,Returned
256180,9426,70521,2022-11-05,8,344.31,1196.98,47.54,Chicago,Credit Card,Returned
113876,1402,90071,2023-12-11,2,275.17,3555.41,49.31,Chicago,Credit Card,Returned
681009,3920,41224,2022-08-14,3,306.23,2642.78,43.32,Chicago,Credit Card,Returned
236085,2523,44069,2021-06-05,7,181.24,2139.89,16.68,Los Angeles,Debit Card,Not Returned
662173,1075,17966,2021-01-02,4,180.37,1696.26,15.69,Los Angeles,Bank Transfer,Returned
419311,9479,83899,2022-06-14,7,397.6,3821.93,17.06,Phoenix,PayPal,Not Returned
145155,4440,28899,2023-03-31,3,491.17,1143.28,34.16,Los Angeles,Credit Card,Not Returned
472892,3488,77040,2022-10-18,9,482.49,4845.31,9.4,Houston,Cash,Returned
297284,6311,96230,2021-10-26,6,435.02,1536.09,8.23,New York,Debit Card,Returned
584577,8723,32493,2022-08-27,7,440.39,1749.45,28.17,Phoenix,Debit Card,Returned
652848,9663,34606,2022-11-08,7,7.35,2979.06,34.17,Chicago,Cash,Returned
862066,8300,75890,2022-11-14,9,323.72,1614.57,4.9,New York,Cash,Returned
542720,8372,95413,2021-11-16,5,72.18,4688.37,14.49,Phoenix,Bank Transfer,Returned
904215,8551,83197,2023-04-10,6,169.71,1567.93,38.0,Los Angeles,Debit Card,Returned
425584,7962,70563,2023-02-13,4,459.0,4699.85,32.37,New York,Cash,Returned
895841,3622,90517,2023-02-27,1,466.72,1268.28,6.41,Phoenix,Debit Card,Returned
646632,1976,67146,2022-05-22,7,391.28,4156.28,34.48,Houston,Cash,Returned
588919,8615,36683,2022-04-30,7,156.46,4285.48,4.27,New York,Cash,Returned
840279,8723,93042,2022-04-16,1,112.98,3434.03,38.34,New York,Bank Transfer,Not Returned
599621,4155,56091,2021-06-14,7,457.22,1061.72,15.46,New York,PayPal,Returned
417101,1143,24873,2021-12-10,9,81.67,4892.99,24.2,Los Angeles,PayPal,Not Returned
904489,1432,56031,2021-12-17,3,43.25,1343.72,37.71,Los Angeles,Debit Card,Returned
521004,8362,30215,2023-08-20,5,156.69,2479.27,26.11,Los Angeles,Cash,Not Returned
915817,2165,92874,2023-05-15,1,270.9,18.74,32.64,Phoenix,Cash,Not Returned
646635,7422,96170,2023-02-24,8,302.01,4923.58,39.22,New York,Cash,Not Returned
986380,5095,71732,2022-11-20,3,422.63,3873.13,33.9,New York,Credit Card,Returned
225469,6957,61999,2021-07-22,1,251.46,4101.43,26.32,Houston,Cash,Not Returned
690890,4153,58752,2021-10-24,7,270.73,886.37,46.46,Phoenix,Credit Card,Returned
706884,5219,53813,2022-01-01,2,27.27,4428.62,41.84,Los Angeles,Debit Card,Returned
181281,3782,23722,2022-09-11,6,304.37,738.57,35.61,Los Angeles,Cash,Not Returned
800215,3304,16888,2021-06-07,2,141.94,3033.69,26.99,Los Angeles,Debit Card,Not Returned
463938,9761,14571,2022-12-26,5,190.82,356.35,44.47,Chicago,PayPal,Returned
587652,6008,15011,2022-04-22,1,422.83,2259.95,15.48,Los Angeles,Debit Card,Not Returned
529041,4985,33305,2023-07-25,2,212.32,2045.28,4.67,New York,Cash,Not Returned
579158,3630,41737,2021-04-15,3,52.47,2607.78,28.05,New York,Bank Transfer,Not Returned
609525,6378,78532,2023-10-31,1,405.89,2803.53,15.56,Los Angeles,Credit Card,Not Returned
308294,4015,27918,2022-06-20,6,264.2,972.24,49.47,New York,Credit Card,Returned
655209,6570,59069,2022-06-17,3,446.73,4748.85,25.91,Los Angeles,Debit Card,Not Returned
620323,5701,65871,2022-06-18,1,290.58,2293.73,18.74,Phoenix,Cash,Not Returned
659001,8941,41593,2023-09-29,3,192.03,1531.78,48.66,Los Angeles,Credit Card,Not Returned
493058,8575,73740,2023-08-11,1,153.34,3716.11,43.88,Houston,Bank Transfer,Not Returned
831424,2574,48837,2023-07-20,6,79.82,4947.47,13.93,Los Angeles,PayPal,Returned
313127,6159,44702,2023-01-28,1,451.1,1186.25,32.74,Houston,Credit Card,Returned
280166,5457,69415,2021-09-07,1,339.11,1367.29,41.06,Los Angeles,Bank Transfer,Not Returned
337366,2800,13199,2021-03-23,4,360.41,3278.98,49.14,Los Angeles,Debit Card,Not Returned
128611,2875,79589,2023-09-26,1,491.0,4435.42,43.98,New York,Cash,Returned
630777,8603,21207,2023-11-15,8,6.09,1128.54,17.36,Houston,Debit Card,Not Returned
247434,8976,39021,2022-05-01,5,470.72,1471.63,49.66,Los Angeles,PayPal,Returned
131180,8660,43917,2021-02-09,8,347.64,1945.48,17.21,Phoenix,Cash,Not Returned
680722,4645,15338,2023-02-15,1,439.47,1908.76,30.16,Los Angeles,Credit Card,Returned
968560,9960,93177,2021-03-07,4,125.6,46.82,14.32,Chicago,Cash,Returned
326212,6280,96896,2021-08-04,9,329.55,2398.2,33.97,Chicago,Cash,Returned
383781,6006,25678,2023-12-24,7,323.7,1353.85,37.37,Chicago,Credit Card,Returned
733468,1055,87534,2021-01-19,9,150.53,4658.06,41.73,Phoenix,Bank Transfer,Not Returned
866795,2055,72571,2021-01-30,3,406.02,2708.31,46.5,Houston,Cash,Not Returned
220718,6653,21088,2023-12-22,1,349.18,4338.1,20.67,New York,Credit Card,Not Returned
738564,2578,29136,2023-02-06,6,457.74,4399.25,39.03,Chicago,Debit Card,Returned
401860,4449,93096,2022-07-06,8,74.6,3948.82,9.85,New York,Cash,Not Returned
139709,7177,24461,2022-05-25,8,117.54,3409.47,19.28,New York,PayPal,Returned
188218,2540,59620,2021-05-28,9,362.5,731.45,45.19,Houston,Debit Card,Not Returned
826780,7337,80788,2021-02-24,6,457.0,2601.09,26.82,Los Angeles,Cash,Returned
290289,7117,39584,2021-04-09,7,419.24,3345.65,35.91,Houston,Credit Card,Not Returned
232193,6389,74961,2022-05-01,3,89.23,4751.93,25.39,Chicago,Debit Card,Not Returned
840660,7265,57236,2023-12-20,9,260.34,4194.41,39.17,Chicago,Credit Card,Returned
488753,8432,21787,2023-12-27,4,189.67,4741.39,1.12,Phoenix,Bank Transfer,Returned
512250,9066,15788,2021-04-05,6,246.65,91.39,31.15,New York,Debit Card,Not Returned
708433,5738,25000,2023-04-03,3,24.88,920.17,2.97,New York,PayPal,Not Returned
147122,3389,19972,2022-10-06,1,431.39,3402.72,16.32,Chicago,Debit Card,Returned
866081,2491,53301,2021-03-13,1,156.56,2722.87,32.15,Los Angeles,PayPal,Returned
687426,7710,99127,2021-06-01,2,454.91,3431.79,11.3,Los Angeles,PayPal,Not Returned
264536,9843,72858,2021-03-25,1,28.7,4028.2,22.82,New York,Debit Card,Not Returned
543513,3321,97640,2023-05-25,2,163.68,701.42,6.68,Los Angeles,Debit Card,Returned
296212,5195,46333,2021-12-28,1,369.66,4750.33,39.96,Chicago,Bank Transfer,Not Returned
692676,2520,82842,2023-04-03,9,356.66,1804.54,16.38,Chicago,Bank Transfer,Returned
164211,7265,12204,2021-04-02,8,430.68,1558.18,42.99,Chicago,PayPal,Returned
634996,5882,67044,2023-03-11,7,158.41,1135.88,33.91,Houston,Debit Card,Not Returned
401095,9753,82594,2022-12-04,5,225.56,1353.64,35.43,Houston,Cash,Not Returned
370828,6434,12201,2021-04-12,2,173.33,202.12,26.3,Houston,Cash,Returned
974163,3465,67474,2021-10-17,3,152.26,1279.12,44.8,Phoenix,Cash,Returned
775993,3589,68891,2021-12-28,7,289.18,2097.87,21.07,New York,PayPal,Returned
901225,3113,71959,2023-08-18,3,425.61,3251.64,9.53,Phoenix,Debit Card,Returned
887159,9969,40932,2022-10-04,5,325.73,4606.11,9.89,New York,PayPal,Not Returned
621919,8337,38702,2022-05-05,5,409.0,2845.77,47.36,Houston,PayPal,Not Returned
477723,5769,72076,2023-12-11,9,193.83,2929.58,26.2,Houston,Bank Transfer,Not Returned
914154,3246,75615,2021-09-03,9,183.93,3089.75,36.45,Phoenix,Debit Card,Returned
753004,2847,19001,2022-09-21,4,125.68,4219.08,16.07,New York,Bank Transfer,Returned
820055,9201,40268,2021-03-09,8,22.87,2112.24,38.9,New York,Bank Transfer,Not Returned
725446,2563,23068,2021-07-21,3,346.57,4299.87,10.86,New York,PayPal,Not Returned
803625,9313,41640,2021-03-15,2,97.74,338.56,38.23,New York,PayPal,Not Returned
999377,6602,95622,2023-08-21,1,434.87,3602.28,18.48,Los Angeles,PayPal,Not Returned
716496,1523,95846,2023-03-29,1,215.35,927.44,38.35,Phoenix,Credit Card,Returned
591331,8368,58003,2021-08-23,8,13.36,2243.02,19.17,Phoenix,Credit Card,Not Returned
770668,1629,65389,2023-11-04,8,368.67,4443.85,11.15,Houston,Bank Transfer,Not Returned
186227,7638,36555,2021-05-22,6,393.88,3077.46,22.89,Chicago,Cash,Returned
945269,2355,35679,2021-08-05,6,373.92,3272.64,40.24,New York,Bank Transfer,Not Returned
440761,4915,36906,2022-07-19,7,116.07,496.15,25.38,Chicago,PayPal,Not Returned
626492,3897,67118,2021-01-23,6,230.52,3983.97,34.22,Houston,Cash,Not Returned
280916,2306,12427,2021-02-15,1,432.92,1150.3,17.65,Los Angeles,Bank Transfer,Not Returned
889659,2312,73055,2023-03-21,4,418.17,4872.28,27.85,Chicago,Cash,Not Returned
315284,5940,49177,2022-04-16,4,101.33,1867.91,15.05,Los Angeles,Cash,Returned
215521,6166,31697,2023-05-08,3,340.84,2187.37,2.78,New York,PayPal,Not Returned
575007,2142,24177,2022-06-17,8,396.59,3988.37,17.14,Phoenix,Debit Card,Not Returned
838048,9865,42284,2021-06-12,7,481.6,3456.13,28.06,New York,Cash,Not Returned
497180,9218,33762,2022-11-12,4,354.78,3657.12,0.53,Houston,PayPal,Returned
376907,6588,44857,2021-06-20,3,11.01,588.26,19.2,New York,Debit Card,Not Returned
521242,2530,54511,2021-05-31,2,174.18,2400.8,7.14,Houston,Debit Card,Returned
610541,9391,38511,2023-04-29,2,318.0,1266.39,45.31,Chicago,Credit Card,Returned
191122,3665,22868,2022-08-11,1,299.59,1164.13,40.53,Los Angeles,Bank Transfer,Not Returned
424891,8940,68777,2022-10-31,8,310.32,4409.0,10.31,New York,Cash,Returned
477368,7132,75147,2022-03-07,8,243.21,3736.88,11.71,Phoenix,Debit Card,Returned
112287,3648,69656,2023-10-06,6,363.53,2639.76,21.57,Houston,Cash,Not Returned
241867,4129,81940,2022-04-16,6,59.52,690.91,0.51,Los Angeles,Debit Card,Not Returned
157391,1896,46220,2023-12-20,7,318.14,613.83,31.62,New York,Credit Card,Not Returned
854926,2640,62918,2023-02-22,2,498.54,2184.01,45.5,New York,Debit Card,Returned
750344,5617,31029,2022-02-02,3,283.27,125.68,8.99,New York,Debit Card,Not Returned
356733,9833,85596,2021-04-29,1,242.14,2778.68,36.88,Houston,Bank Transfer,Not Returned
223716,4340,47947,2022-07-26,2,190.78,3170.65,26.48,New York,Bank Transfer,Not Returned
551206,4050,58873,2022-11-12,8,199.91,922.24,1.88,Chicago,Debit Card,Not Returned
652122,4397,58484,2023-12-24,4,68.46,270.79,3.64,Phoenix,Cash,Not Returned
673729,4533,81911,2021-12-12,6,191.21,4543.99,14.98,Houston,Debit Card,Returned
630343,7756,33848,2022-12-06,1,249.96,668.13,45.29,Chicago,Credit Card,Not Returned
348463,6162,44420,2021-05-02,2,36.51,2603.86,29.4,New York,PayPal,Returned
393404,9356,80539,2022-03-01,3,68.33,710.45,14.62,Chicago,PayPal,Not Returned
960052,3380,42438,2023-10-25,7,111.24,2838.63,16.83,New York,Cash,Returned
768970,8298,84937,2022-05-12,6,383.51,712.07,38.7,Phoenix,PayPal,Not Returned
233242,1128,49360,2022-06-17,2,415.93,1694.27,45.84,Chicago,Credit Card,Not Returned
773693,3127,54328,2022-02-20,6,462.05,3813.85,11.42,New York,Bank Transfer,Not Returned
646047,5795,33089,2021-01-28,6,207.62,3349.93,26.99,New York,Debit Card,Not Returned
522110,4843,52766,2022-01-30,7,74.61,2935.8,39.89,New York,Credit Card,Returned
